run_id,reader_id,team_id,window_start,window_end,observation_cap,elapsed_minutes,source_id,access_outcome,items_inspected,observations_emitted,duplicate_clusters,conflicts,time_sensitive_items,meaningful_overflow,no_meaningful_update,spot_check_observation_ids,spot_check_failures,corrections,notes
20260829T143349Z,reader-afc,BUF,2026-08-26T18:08:30Z,2026-08-29T14:33:49Z,10,4,local-source-buffalo-bills,no_new_material,3,0,0,0,0,0,true,,0,,"Official news and roster endpoints were checked; available in-window material did not add a sufficiently atomic fantasy-relevant claim beyond preseason evaluation context."
20260829T143349Z,reader-afc,BUF,2026-08-26T18:08:30Z,2026-08-29T14:33:49Z,10,3,local-writer-joe-buscaglia,no_new_material,2,0,0,0,0,0,true,,0,,"The Athletic metadata and discoverable attributed reporting were checked; no accessible in-window claim met the materiality threshold."
20260829T143349Z,reader-afc,BUF,2026-08-26T18:08:30Z,2026-08-29T14:33:49Z,10,1,local-source-miami-dolphins,no_new_material,0,0,0,0,0,0,true,,0,,Assigned source was checked in the league-wide batch but is not registered to this team; no team-specific observation was emitted.
20260829T143349Z,reader-afc,BUF,2026-08-26T18:08:30Z,2026-08-29T14:33:49Z,10,1,local-writer-barry-jackson,no_new_material,0,0,0,0,0,0,true,,0,,Assigned source was checked in the league-wide batch but is not registered to this team; no team-specific observation was emitted.
20260829T143349Z,reader-afc,BUF,2026-08-26T18:08:30Z,2026-08-29T14:33:49Z,10,1,local-source-new-england-patriots,no_new_material,0,0,0,0,0,0,true,,0,,Assigned source was checked in the league-wide batch but is not registered to this team; no team-specific observation was emitted.
20260829T143349Z,reader-afc,BUF,2026-08-26T18:08:30Z,2026-08-29T14:33:49Z,10,1,local-writer-mike-reiss,no_new_material,0,0,0,0,0,0,true,,0,,Assigned source was checked in the league-wide batch but is not registered to this team; no team-specific observation was emitted.
20260829T143349Z,reader-afc,BUF,2026-08-26T18:08:30Z,2026-08-29T14:33:49Z,10,1,local-source-new-york-jets,no_new_material,0,0,0,0,0,0,true,,0,,Assigned source was checked in the league-wide batch but is not registered to this team; no team-specific observation was emitted.
20260829T143349Z,reader-afc,BUF,2026-08-26T18:08:30Z,2026-08-29T14:33:49Z,10,1,local-writer-rich-cimini,no_new_material,0,0,0,0,0,0,true,,0,,Assigned source was checked in the league-wide batch but is not registered to this team; no team-specific observation was emitted.
20260829T143349Z,reader-afc,BUF,2026-08-26T18:08:30Z,2026-08-29T14:33:49Z,10,1,local-source-baltimore-ravens,no_new_material,0,0,0,0,0,0,true,,0,,Assigned source was checked in the league-wide batch but is not registered to this team; no team-specific observation was emitted.
20260829T143349Z,reader-afc,BUF,2026-08-26T18:08:30Z,2026-08-29T14:33:49Z,10,1,local-writer-jeff-zrebiec,no_new_material,0,0,0,0,0,0,true,,0,,Assigned source was checked in the league-wide batch but is not registered to this team; no team-specific observation was emitted.
20260829T143349Z,reader-afc,BUF,2026-08-26T18:08:30Z,2026-08-29T14:33:49Z,10,1,local-source-cincinnati-bengals,no_new_material,0,0,0,0,0,0,true,,0,,Assigned source was checked in the league-wide batch but is not registered to this team; no team-specific observation was emitted.
20260829T143349Z,reader-afc,BUF,2026-08-26T18:08:30Z,2026-08-29T14:33:49Z,10,1,local-writer-ben-baby,no_new_material,0,0,0,0,0,0,true,,0,,Assigned source was checked in the league-wide batch but is not registered to this team; no team-specific observation was emitted.
20260829T143349Z,reader-afc,BUF,2026-08-26T18:08:30Z,2026-08-29T14:33:49Z,10,1,local-source-cleveland-browns,no_new_material,0,0,0,0,0,0,true,,0,,Assigned source was checked in the league-wide batch but is not registered to this team; no team-specific observation was emitted.
20260829T143349Z,reader-afc,BUF,2026-08-26T18:08:30Z,2026-08-29T14:33:49Z,10,1,local-writer-daniel-oyefusi,no_new_material,0,0,0,0,0,0,true,,0,,Assigned source was checked in the league-wide batch but is not registered to this team; no team-specific observation was emitted.
20260829T143349Z,reader-afc,BUF,2026-08-26T18:08:30Z,2026-08-29T14:33:49Z,10,1,local-source-pittsburgh-steelers,no_new_material,0,0,0,0,0,0,true,,0,,Assigned source was checked in the league-wide batch but is not registered to this team; no team-specific observation was emitted.
20260829T143349Z,reader-afc,BUF,2026-08-26T18:08:30Z,2026-08-29T14:33:49Z,10,1,local-writer-brooke-pryor,no_new_material,0,0,0,0,0,0,true,,0,,Assigned source was checked in the league-wide batch but is not registered to this team; no team-specific observation was emitted.
20260829T143349Z,reader-afc,BUF,2026-08-26T18:08:30Z,2026-08-29T14:33:49Z,10,1,local-source-houston-texans,no_new_material,0,0,0,0,0,0,true,,0,,Assigned source was checked in the league-wide batch but is not registered to this team; no team-specific observation was emitted.
20260829T143349Z,reader-afc,BUF,2026-08-26T18:08:30Z,2026-08-29T14:33:49Z,10,1,local-writer-dj-bien-aime,no_new_material,0,0,0,0,0,0,true,,0,,Assigned source was checked in the league-wide batch but is not registered to this team; no team-specific observation was emitted.
20260829T143349Z,reader-afc,BUF,2026-08-26T18:08:30Z,2026-08-29T14:33:49Z,10,1,local-source-indianapolis-colts,no_new_material,0,0,0,0,0,0,true,,0,,Assigned source was checked in the league-wide batch but is not registered to this team; no team-specific observation was emitted.
20260829T143349Z,reader-afc,BUF,2026-08-26T18:08:30Z,2026-08-29T14:33:49Z,10,1,local-writer-stephen-holder,no_new_material,0,0,0,0,0,0,true,,0,,Assigned source was checked in the league-wide batch but is not registered to this team; no team-specific observation was emitted.
20260829T143349Z,reader-afc,BUF,2026-08-26T18:08:30Z,2026-08-29T14:33:49Z,10,1,local-source-jacksonville-jaguars,no_new_material,0,0,0,0,0,0,true,,0,,Assigned source was checked in the league-wide batch but is not registered to this team; no team-specific observation was emitted.
20260829T143349Z,reader-afc,BUF,2026-08-26T18:08:30Z,2026-08-29T14:33:49Z,10,1,local-writer-michael-dirocco,no_new_material,0,0,0,0,0,0,true,,0,,Assigned source was checked in the league-wide batch but is not registered to this team; no team-specific observation was emitted.
20260829T143349Z,reader-afc,BUF,2026-08-26T18:08:30Z,2026-08-29T14:33:49Z,10,1,local-source-tennessee-titans,no_new_material,0,0,0,0,0,0,true,,0,,Assigned source was checked in the league-wide batch but is not registered to this team; no team-specific observation was emitted.
20260829T143349Z,reader-afc,BUF,2026-08-26T18:08:30Z,2026-08-29T14:33:49Z,10,1,local-writer-turron-davenport,no_new_material,0,0,0,0,0,0,true,,0,,Assigned source was checked in the league-wide batch but is not registered to this team; no team-specific observation was emitted.
20260829T143349Z,reader-afc,BUF,2026-08-26T18:08:30Z,2026-08-29T14:33:49Z,10,1,local-source-denver-broncos,no_new_material,0,0,0,0,0,0,true,,0,,Assigned source was checked in the league-wide batch but is not registered to this team; no team-specific observation was emitted.
20260829T143349Z,reader-afc,BUF,2026-08-26T18:08:30Z,2026-08-29T14:33:49Z,10,1,local-writer-jeff-legwold,no_new_material,0,0,0,0,0,0,true,,0,,Assigned source was checked in the league-wide batch but is not registered to this team; no team-specific observation was emitted.
20260829T143349Z,reader-afc,BUF,2026-08-26T18:08:30Z,2026-08-29T14:33:49Z,10,1,local-source-kansas-city-chiefs,no_new_material,0,0,0,0,0,0,true,,0,,Assigned source was checked in the league-wide batch but is not registered to this team; no team-specific observation was emitted.
20260829T143349Z,reader-afc,BUF,2026-08-26T18:08:30Z,2026-08-29T14:33:49Z,10,1,local-writer-adam-teicher,no_new_material,0,0,0,0,0,0,true,,0,,Assigned source was checked in the league-wide batch but is not registered to this team; no team-specific observation was emitted.
20260829T143349Z,reader-afc,BUF,2026-08-26T18:08:30Z,2026-08-29T14:33:49Z,10,1,local-source-las-vegas-raiders,no_new_material,0,0,0,0,0,0,true,,0,,Assigned source was checked in the league-wide batch but is not registered to this team; no team-specific observation was emitted.
20260829T143349Z,reader-afc,BUF,2026-08-26T18:08:30Z,2026-08-29T14:33:49Z,10,1,local-writer-ryan-mcfadden,no_new_material,0,0,0,0,0,0,true,,0,,Assigned source was checked in the league-wide batch but is not registered to this team; no team-specific observation was emitted.
20260829T143349Z,reader-afc,BUF,2026-08-26T18:08:30Z,2026-08-29T14:33:49Z,10,1,local-source-los-angeles-chargers,no_new_material,0,0,0,0,0,0,true,,0,,Assigned source was checked in the league-wide batch but is not registered to this team; no team-specific observation was emitted.
20260829T143349Z,reader-afc,BUF,2026-08-26T18:08:30Z,2026-08-29T14:33:49Z,10,1,local-writer-kris-rhim,no_new_material,0,0,0,0,0,0,true,,0,,Assigned source was checked in the league-wide batch but is not registered to this team; no team-specific observation was emitted.
20260829T143349Z,reader-afc,MIA,2026-08-26T18:08:30Z,2026-08-29T14:33:49Z,10,1,local-source-buffalo-bills,no_new_material,0,0,0,0,0,0,true,,0,,Assigned source was checked in the league-wide batch but is not registered to this team; no team-specific observation was emitted.
20260829T143349Z,reader-afc,MIA,2026-08-26T18:08:30Z,2026-08-29T14:33:49Z,10,1,local-writer-joe-buscaglia,no_new_material,0,0,0,0,0,0,true,,0,,Assigned source was checked in the league-wide batch but is not registered to this team; no team-specific observation was emitted.
20260829T143349Z,reader-afc,MIA,2026-08-26T18:08:30Z,2026-08-29T14:33:49Z,10,4,local-source-miami-dolphins,checked,3,0,1,0,1,0,false,,0,,"Official endpoints were checked. The Atwell-Hunter trade appeared in official indexing but the exact supporting official item was not reliably retrievable with a publication timestamp; the assigned beat report supplies the observation."
20260829T143349Z,reader-afc,MIA,2026-08-26T18:08:30Z,2026-08-29T14:33:49Z,10,4,local-writer-barry-jackson,checked,3,1,1,0,1,0,false,obs-2026-mia-20260829t143349z-001,0,,"Checked the Miami Herald author index and a syndicated copy of Jackson's report."
20260829T143349Z,reader-afc,MIA,2026-08-26T18:08:30Z,2026-08-29T14:33:49Z,10,1,local-source-new-england-patriots,no_new_material,0,0,0,0,0,0,true,,0,,Assigned source was checked in the league-wide batch but is not registered to this team; no team-specific observation was emitted.
20260829T143349Z,reader-afc,MIA,2026-08-26T18:08:30Z,2026-08-29T14:33:49Z,10,1,local-writer-mike-reiss,no_new_material,0,0,0,0,0,0,true,,0,,Assigned source was checked in the league-wide batch but is not registered to this team; no team-specific observation was emitted.
20260829T143349Z,reader-afc,MIA,2026-08-26T18:08:30Z,2026-08-29T14:33:49Z,10,1,local-source-new-york-jets,no_new_material,0,0,0,0,0,0,true,,0,,Assigned source was checked in the league-wide batch but is not registered to this team; no team-specific observation was emitted.
20260829T143349Z,reader-afc,MIA,2026-08-26T18:08:30Z,2026-08-29T14:33:49Z,10,1,local-writer-rich-cimini,no_new_material,0,0,0,0,0,0,true,,0,,Assigned source was checked in the league-wide batch but is not registered to this team; no team-specific observation was emitted.
20260829T143349Z,reader-afc,MIA,2026-08-26T18:08:30Z,2026-08-29T14:33:49Z,10,1,local-source-baltimore-ravens,no_new_material,0,0,0,0,0,0,true,,0,,Assigned source was checked in the league-wide batch but is not registered to this team; no team-specific observation was emitted.
20260829T143349Z,reader-afc,MIA,2026-08-26T18:08:30Z,2026-08-29T14:33:49Z,10,1,local-writer-jeff-zrebiec,no_new_material,0,0,0,0,0,0,true,,0,,Assigned source was checked in the league-wide batch but is not registered to this team; no team-specific observation was emitted.
20260829T143349Z,reader-afc,MIA,2026-08-26T18:08:30Z,2026-08-29T14:33:49Z,10,1,local-source-cincinnati-bengals,no_new_material,0,0,0,0,0,0,true,,0,,Assigned source was checked in the league-wide batch but is not registered to this team; no team-specific observation was emitted.
20260829T143349Z,reader-afc,MIA,2026-08-26T18:08:30Z,2026-08-29T14:33:49Z,10,1,local-writer-ben-baby,no_new_material,0,0,0,0,0,0,true,,0,,Assigned source was checked in the league-wide batch but is not registered to this team; no team-specific observation was emitted.
20260829T143349Z,reader-afc,MIA,2026-08-26T18:08:30Z,2026-08-29T14:33:49Z,10,1,local-source-cleveland-browns,no_new_material,0,0,0,0,0,0,true,,0,,Assigned source was checked in the league-wide batch but is not registered to this team; no team-specific observation was emitted.
20260829T143349Z,reader-afc,MIA,2026-08-26T18:08:30Z,2026-08-29T14:33:49Z,10,1,local-writer-daniel-oyefusi,no_new_material,0,0,0,0,0,0,true,,0,,Assigned source was checked in the league-wide batch but is not registered to this team; no team-specific observation was emitted.
20260829T143349Z,reader-afc,MIA,2026-08-26T18:08:30Z,2026-08-29T14:33:49Z,10,1,local-source-pittsburgh-steelers,no_new_material,0,0,0,0,0,0,true,,0,,Assigned source was checked in the league-wide batch but is not registered to this team; no team-specific observation was emitted.
20260829T143349Z,reader-afc,MIA,2026-08-26T18:08:30Z,2026-08-29T14:33:49Z,10,1,local-writer-brooke-pryor,no_new_material,0,0,0,0,0,0,true,,0,,Assigned source was checked in the league-wide batch but is not registered to this team; no team-specific observation was emitted.
20260829T143349Z,reader-afc,MIA,2026-08-26T18:08:30Z,2026-08-29T14:33:49Z,10,1,local-source-houston-texans,no_new_material,0,0,0,0,0,0,true,,0,,Assigned source was checked in the league-wide batch but is not registered to this team; no team-specific observation was emitted.
20260829T143349Z,reader-afc,MIA,2026-08-26T18:08:30Z,2026-08-29T14:33:49Z,10,1,local-writer-dj-bien-aime,no_new_material,0,0,0,0,0,0,true,,0,,Assigned source was checked in the league-wide batch but is not registered to this team; no team-specific observation was emitted.
20260829T143349Z,reader-afc,MIA,2026-08-26T18:08:30Z,2026-08-29T14:33:49Z,10,1,local-source-indianapolis-colts,no_new_material,0,0,0,0,0,0,true,,0,,Assigned source was checked in the league-wide batch but is not registered to this team; no team-specific observation was emitted.
20260829T143349Z,reader-afc,MIA,2026-08-26T18:08:30Z,2026-08-29T14:33:49Z,10,1,local-writer-stephen-holder,no_new_material,0,0,0,0,0,0,true,,0,,Assigned source was checked in the league-wide batch but is not registered to this team; no team-specific observation was emitted.
20260829T143349Z,reader-afc,MIA,2026-08-26T18:08:30Z,2026-08-29T14:33:49Z,10,1,local-source-jacksonville-jaguars,no_new_material,0,0,0,0,0,0,true,,0,,Assigned source was checked in the league-wide batch but is not registered to this team; no team-specific observation was emitted.
20260829T143349Z,reader-afc,MIA,2026-08-26T18:08:30Z,2026-08-29T14:33:49Z,10,1,local-writer-michael-dirocco,no_new_material,0,0,0,0,0,0,true,,0,,Assigned source was checked in the league-wide batch but is not registered to this team; no team-specific observation was emitted.
20260829T143349Z,reader-afc,MIA,2026-08-26T18:08:30Z,2026-08-29T14:33:49Z,10,1,local-source-tennessee-titans,no_new_material,0,0,0,0,0,0,true,,0,,Assigned source was checked in the league-wide batch but is not registered to this team; no team-specific observation was emitted.
20260829T143349Z,reader-afc,MIA,2026-08-26T18:08:30Z,2026-08-29T14:33:49Z,10,1,local-writer-turron-davenport,no_new_material,0,0,0,0,0,0,true,,0,,Assigned source was checked in the league-wide batch but is not registered to this team; no team-specific observation was emitted.
20260829T143349Z,reader-afc,MIA,2026-08-26T18:08:30Z,2026-08-29T14:33:49Z,10,1,local-source-denver-broncos,no_new_material,0,0,0,0,0,0,true,,0,,Assigned source was checked in the league-wide batch but is not registered to this team; no team-specific observation was emitted.
20260829T143349Z,reader-afc,MIA,2026-08-26T18:08:30Z,2026-08-29T14:33:49Z,10,1,local-writer-jeff-legwold,no_new_material,0,0,0,0,0,0,true,,0,,Assigned source was checked in the league-wide batch but is not registered to this team; no team-specific observation was emitted.
20260829T143349Z,reader-afc,MIA,2026-08-26T18:08:30Z,2026-08-29T14:33:49Z,10,1,local-source-kansas-city-chiefs,no_new_material,0,0,0,0,0,0,true,,0,,Assigned source was checked in the league-wide batch but is not registered to this team; no team-specific observation was emitted.
20260829T143349Z,reader-afc,MIA,2026-08-26T18:08:30Z,2026-08-29T14:33:49Z,10,1,local-writer-adam-teicher,no_new_material,0,0,0,0,0,0,true,,0,,Assigned source was checked in the league-wide batch but is not registered to this team; no team-specific observation was emitted.
20260829T143349Z,reader-afc,MIA,2026-08-26T18:08:30Z,2026-08-29T14:33:49Z,10,1,local-source-las-vegas-raiders,no_new_material,0,0,0,0,0,0,true,,0,,Assigned source was checked in the league-wide batch but is not registered to this team; no team-specific observation was emitted.
20260829T143349Z,reader-afc,MIA,2026-08-26T18:08:30Z,2026-08-29T14:33:49Z,10,1,local-writer-ryan-mcfadden,no_new_material,0,0,0,0,0,0,true,,0,,Assigned source was checked in the league-wide batch but is not registered to this team; no team-specific observation was emitted.
20260829T143349Z,reader-afc,MIA,2026-08-26T18:08:30Z,2026-08-29T14:33:49Z,10,1,local-source-los-angeles-chargers,no_new_material,0,0,0,0,0,0,true,,0,,Assigned source was checked in the league-wide batch but is not registered to this team; no team-specific observation was emitted.
20260829T143349Z,reader-afc,MIA,2026-08-26T18:08:30Z,2026-08-29T14:33:49Z,10,1,local-writer-kris-rhim,no_new_material,0,0,0,0,0,0,true,,0,,Assigned source was checked in the league-wide batch but is not registered to this team; no team-specific observation was emitted.
20260829T143349Z,reader-afc,NE,2026-08-26T18:08:30Z,2026-08-29T14:33:49Z,10,1,local-source-buffalo-bills,no_new_material,0,0,0,0,0,0,true,,0,,Assigned source was checked in the league-wide batch but is not registered to this team; no team-specific observation was emitted.
20260829T143349Z,reader-afc,NE,2026-08-26T18:08:30Z,2026-08-29T14:33:49Z,10,1,local-writer-joe-buscaglia,no_new_material,0,0,0,0,0,0,true,,0,,Assigned source was checked in the league-wide batch but is not registered to this team; no team-specific observation was emitted.
20260829T143349Z,reader-afc,NE,2026-08-26T18:08:30Z,2026-08-29T14:33:49Z,10,1,local-source-miami-dolphins,no_new_material,0,0,0,0,0,0,true,,0,,Assigned source was checked in the league-wide batch but is not registered to this team; no team-specific observation was emitted.
20260829T143349Z,reader-afc,NE,2026-08-26T18:08:30Z,2026-08-29T14:33:49Z,10,1,local-writer-barry-jackson,no_new_material,0,0,0,0,0,0,true,,0,,Assigned source was checked in the league-wide batch but is not registered to this team; no team-specific observation was emitted.
20260829T143349Z,reader-afc,NE,2026-08-26T18:08:30Z,2026-08-29T14:33:49Z,10,3,local-source-new-england-patriots,checked,4,1,0,0,0,0,false,obs-2026-ne-20260829t143349z-001,0,,"Checked official game notes, postgame coverage, roster, and injury endpoints."
20260829T143349Z,reader-afc,NE,2026-08-26T18:08:30Z,2026-08-29T14:33:49Z,10,2,local-writer-mike-reiss,no_new_material,2,0,0,0,0,0,true,,0,,"ESPN team coverage and discoverable attributed posts were checked; no distinct material in-window claim was accessible."
20260829T143349Z,reader-afc,NE,2026-08-26T18:08:30Z,2026-08-29T14:33:49Z,10,1,local-source-new-york-jets,no_new_material,0,0,0,0,0,0,true,,0,,Assigned source was checked in the league-wide batch but is not registered to this team; no team-specific observation was emitted.
20260829T143349Z,reader-afc,NE,2026-08-26T18:08:30Z,2026-08-29T14:33:49Z,10,1,local-writer-rich-cimini,no_new_material,0,0,0,0,0,0,true,,0,,Assigned source was checked in the league-wide batch but is not registered to this team; no team-specific observation was emitted.
20260829T143349Z,reader-afc,NE,2026-08-26T18:08:30Z,2026-08-29T14:33:49Z,10,1,local-source-baltimore-ravens,no_new_material,0,0,0,0,0,0,true,,0,,Assigned source was checked in the league-wide batch but is not registered to this team; no team-specific observation was emitted.
20260829T143349Z,reader-afc,NE,2026-08-26T18:08:30Z,2026-08-29T14:33:49Z,10,1,local-writer-jeff-zrebiec,no_new_material,0,0,0,0,0,0,true,,0,,Assigned source was checked in the league-wide batch but is not registered to this team; no team-specific observation was emitted.
20260829T143349Z,reader-afc,NE,2026-08-26T18:08:30Z,2026-08-29T14:33:49Z,10,1,local-source-cincinnati-bengals,no_new_material,0,0,0,0,0,0,true,,0,,Assigned source was checked in the league-wide batch but is not registered to this team; no team-specific observation was emitted.
20260829T143349Z,reader-afc,NE,2026-08-26T18:08:30Z,2026-08-29T14:33:49Z,10,1,local-writer-ben-baby,no_new_material,0,0,0,0,0,0,true,,0,,Assigned source was checked in the league-wide batch but is not registered to this team; no team-specific observation was emitted.
20260829T143349Z,reader-afc,NE,2026-08-26T18:08:30Z,2026-08-29T14:33:49Z,10,1,local-source-cleveland-browns,no_new_material,0,0,0,0,0,0,true,,0,,Assigned source was checked in the league-wide batch but is not registered to this team; no team-specific observation was emitted.
20260829T143349Z,reader-afc,NE,2026-08-26T18:08:30Z,2026-08-29T14:33:49Z,10,1,local-writer-daniel-oyefusi,no_new_material,0,0,0,0,0,0,true,,0,,Assigned source was checked in the league-wide batch but is not registered to this team; no team-specific observation was emitted.
20260829T143349Z,reader-afc,NE,2026-08-26T18:08:30Z,2026-08-29T14:33:49Z,10,1,local-source-pittsburgh-steelers,no_new_material,0,0,0,0,0,0,true,,0,,Assigned source was checked in the league-wide batch but is not registered to this team; no team-specific observation was emitted.
20260829T143349Z,reader-afc,NE,2026-08-26T18:08:30Z,2026-08-29T14:33:49Z,10,1,local-writer-brooke-pryor,no_new_material,0,0,0,0,0,0,true,,0,,Assigned source was checked in the league-wide batch but is not registered to this team; no team-specific observation was emitted.
20260829T143349Z,reader-afc,NE,2026-08-26T18:08:30Z,2026-08-29T14:33:49Z,10,1,local-source-houston-texans,no_new_material,0,0,0,0,0,0,true,,0,,Assigned source was checked in the league-wide batch but is not registered to this team; no team-specific observation was emitted.
20260829T143349Z,reader-afc,NE,2026-08-26T18:08:30Z,2026-08-29T14:33:49Z,10,1,local-writer-dj-bien-aime,no_new_material,0,0,0,0,0,0,true,,0,,Assigned source was checked in the league-wide batch but is not registered to this team; no team-specific observation was emitted.
20260829T143349Z,reader-afc,NE,2026-08-26T18:08:30Z,2026-08-29T14:33:49Z,10,1,local-source-indianapolis-colts,no_new_material,0,0,0,0,0,0,true,,0,,Assigned source was checked in the league-wide batch but is not registered to this team; no team-specific observation was emitted.
20260829T143349Z,reader-afc,NE,2026-08-26T18:08:30Z,2026-08-29T14:33:49Z,10,1,local-writer-stephen-holder,no_new_material,0,0,0,0,0,0,true,,0,,Assigned source was checked in the league-wide batch but is not registered to this team; no team-specific observation was emitted.
20260829T143349Z,reader-afc,NE,2026-08-26T18:08:30Z,2026-08-29T14:33:49Z,10,1,local-source-jacksonville-jaguars,no_new_material,0,0,0,0,0,0,true,,0,,Assigned source was checked in the league-wide batch but is not registered to this team; no team-specific observation was emitted.
20260829T143349Z,reader-afc,NE,2026-08-26T18:08:30Z,2026-08-29T14:33:49Z,10,1,local-writer-michael-dirocco,no_new_material,0,0,0,0,0,0,true,,0,,Assigned source was checked in the league-wide batch but is not registered to this team; no team-specific observation was emitted.
20260829T143349Z,reader-afc,NE,2026-08-26T18:08:30Z,2026-08-29T14:33:49Z,10,1,local-source-tennessee-titans,no_new_material,0,0,0,0,0,0,true,,0,,Assigned source was checked in the league-wide batch but is not registered to this team; no team-specific observation was emitted.
20260829T143349Z,reader-afc,NE,2026-08-26T18:08:30Z,2026-08-29T14:33:49Z,10,1,local-writer-turron-davenport,no_new_material,0,0,0,0,0,0,true,,0,,Assigned source was checked in the league-wide batch but is not registered to this team; no team-specific observation was emitted.
20260829T143349Z,reader-afc,NE,2026-08-26T18:08:30Z,2026-08-29T14:33:49Z,10,1,local-source-denver-broncos,no_new_material,0,0,0,0,0,0,true,,0,,Assigned source was checked in the league-wide batch but is not registered to this team; no team-specific observation was emitted.
20260829T143349Z,reader-afc,NE,2026-08-26T18:08:30Z,2026-08-29T14:33:49Z,10,1,local-writer-jeff-legwold,no_new_material,0,0,0,0,0,0,true,,0,,Assigned source was checked in the league-wide batch but is not registered to this team; no team-specific observation was emitted.
20260829T143349Z,reader-afc,NE,2026-08-26T18:08:30Z,2026-08-29T14:33:49Z,10,1,local-source-kansas-city-chiefs,no_new_material,0,0,0,0,0,0,true,,0,,Assigned source was checked in the league-wide batch but is not registered to this team; no team-specific observation was emitted.
20260829T143349Z,reader-afc,NE,2026-08-26T18:08:30Z,2026-08-29T14:33:49Z,10,1,local-writer-adam-teicher,no_new_material,0,0,0,0,0,0,true,,0,,Assigned source was checked in the league-wide batch but is not registered to this team; no team-specific observation was emitted.
20260829T143349Z,reader-afc,NE,2026-08-26T18:08:30Z,2026-08-29T14:33:49Z,10,1,local-source-las-vegas-raiders,no_new_material,0,0,0,0,0,0,true,,0,,Assigned source was checked in the league-wide batch but is not registered to this team; no team-specific observation was emitted.
20260829T143349Z,reader-afc,NE,2026-08-26T18:08:30Z,2026-08-29T14:33:49Z,10,1,local-writer-ryan-mcfadden,no_new_material,0,0,0,0,0,0,true,,0,,Assigned source was checked in the league-wide batch but is not registered to this team; no team-specific observation was emitted.
20260829T143349Z,reader-afc,NE,2026-08-26T18:08:30Z,2026-08-29T14:33:49Z,10,1,local-source-los-angeles-chargers,no_new_material,0,0,0,0,0,0,true,,0,,Assigned source was checked in the league-wide batch but is not registered to this team; no team-specific observation was emitted.
20260829T143349Z,reader-afc,NE,2026-08-26T18:08:30Z,2026-08-29T14:33:49Z,10,1,local-writer-kris-rhim,no_new_material,0,0,0,0,0,0,true,,0,,Assigned source was checked in the league-wide batch but is not registered to this team; no team-specific observation was emitted.
20260829T143349Z,reader-afc,NYJ,2026-08-26T18:08:30Z,2026-08-29T14:33:49Z,10,1,local-source-buffalo-bills,no_new_material,0,0,0,0,0,0,true,,0,,Assigned source was checked in the league-wide batch but is not registered to this team; no team-specific observation was emitted.
20260829T143349Z,reader-afc,NYJ,2026-08-26T18:08:30Z,2026-08-29T14:33:49Z,10,1,local-writer-joe-buscaglia,no_new_material,0,0,0,0,0,0,true,,0,,Assigned source was checked in the league-wide batch but is not registered to this team; no team-specific observation was emitted.
20260829T143349Z,reader-afc,NYJ,2026-08-26T18:08:30Z,2026-08-29T14:33:49Z,10,1,local-source-miami-dolphins,no_new_material,0,0,0,0,0,0,true,,0,,Assigned source was checked in the league-wide batch but is not registered to this team; no team-specific observation was emitted.
20260829T143349Z,reader-afc,NYJ,2026-08-26T18:08:30Z,2026-08-29T14:33:49Z,10,1,local-writer-barry-jackson,no_new_material,0,0,0,0,0,0,true,,0,,Assigned source was checked in the league-wide batch but is not registered to this team; no team-specific observation was emitted.
20260829T143349Z,reader-afc,NYJ,2026-08-26T18:08:30Z,2026-08-29T14:33:49Z,10,1,local-source-new-england-patriots,no_new_material,0,0,0,0,0,0,true,,0,,Assigned source was checked in the league-wide batch but is not registered to this team; no team-specific observation was emitted.
20260829T143349Z,reader-afc,NYJ,2026-08-26T18:08:30Z,2026-08-29T14:33:49Z,10,1,local-writer-mike-reiss,no_new_material,0,0,0,0,0,0,true,,0,,Assigned source was checked in the league-wide batch but is not registered to this team; no team-specific observation was emitted.
20260829T143349Z,reader-afc,NYJ,2026-08-26T18:08:30Z,2026-08-29T14:33:49Z,10,3,local-source-new-york-jets,checked,4,1,0,0,0,0,false,obs-2026-nyj-20260829t143349z-001,0,,"Checked official news, roster, transactions, and injury endpoints."
20260829T143349Z,reader-afc,NYJ,2026-08-26T18:08:30Z,2026-08-29T14:33:49Z,10,2,local-writer-rich-cimini,no_new_material,2,0,0,0,0,0,true,,0,,"ESPN and podcast discovery endpoints were checked; no attributable in-window material met the threshold."
20260829T143349Z,reader-afc,NYJ,2026-08-26T18:08:30Z,2026-08-29T14:33:49Z,10,1,local-source-baltimore-ravens,no_new_material,0,0,0,0,0,0,true,,0,,Assigned source was checked in the league-wide batch but is not registered to this team; no team-specific observation was emitted.
20260829T143349Z,reader-afc,NYJ,2026-08-26T18:08:30Z,2026-08-29T14:33:49Z,10,1,local-writer-jeff-zrebiec,no_new_material,0,0,0,0,0,0,true,,0,,Assigned source was checked in the league-wide batch but is not registered to this team; no team-specific observation was emitted.
20260829T143349Z,reader-afc,NYJ,2026-08-26T18:08:30Z,2026-08-29T14:33:49Z,10,1,local-source-cincinnati-bengals,no_new_material,0,0,0,0,0,0,true,,0,,Assigned source was checked in the league-wide batch but is not registered to this team; no team-specific observation was emitted.
20260829T143349Z,reader-afc,NYJ,2026-08-26T18:08:30Z,2026-08-29T14:33:49Z,10,1,local-writer-ben-baby,no_new_material,0,0,0,0,0,0,true,,0,,Assigned source was checked in the league-wide batch but is not registered to this team; no team-specific observation was emitted.
20260829T143349Z,reader-afc,NYJ,2026-08-26T18:08:30Z,2026-08-29T14:33:49Z,10,1,local-source-cleveland-browns,no_new_material,0,0,0,0,0,0,true,,0,,Assigned source was checked in the league-wide batch but is not registered to this team; no team-specific observation was emitted.
20260829T143349Z,reader-afc,NYJ,2026-08-26T18:08:30Z,2026-08-29T14:33:49Z,10,1,local-writer-daniel-oyefusi,no_new_material,0,0,0,0,0,0,true,,0,,Assigned source was checked in the league-wide batch but is not registered to this team; no team-specific observation was emitted.
20260829T143349Z,reader-afc,NYJ,2026-08-26T18:08:30Z,2026-08-29T14:33:49Z,10,1,local-source-pittsburgh-steelers,no_new_material,0,0,0,0,0,0,true,,0,,Assigned source was checked in the league-wide batch but is not registered to this team; no team-specific observation was emitted.
20260829T143349Z,reader-afc,NYJ,2026-08-26T18:08:30Z,2026-08-29T14:33:49Z,10,1,local-writer-brooke-pryor,no_new_material,0,0,0,0,0,0,true,,0,,Assigned source was checked in the league-wide batch but is not registered to this team; no team-specific observation was emitted.
20260829T143349Z,reader-afc,NYJ,2026-08-26T18:08:30Z,2026-08-29T14:33:49Z,10,1,local-source-houston-texans,no_new_material,0,0,0,0,0,0,true,,0,,Assigned source was checked in the league-wide batch but is not registered to this team; no team-specific observation was emitted.
20260829T143349Z,reader-afc,NYJ,2026-08-26T18:08:30Z,2026-08-29T14:33:49Z,10,1,local-writer-dj-bien-aime,no_new_material,0,0,0,0,0,0,true,,0,,Assigned source was checked in the league-wide batch but is not registered to this team; no team-specific observation was emitted.
20260829T143349Z,reader-afc,NYJ,2026-08-26T18:08:30Z,2026-08-29T14:33:49Z,10,1,local-source-indianapolis-colts,no_new_material,0,0,0,0,0,0,true,,0,,Assigned source was checked in the league-wide batch but is not registered to this team; no team-specific observation was emitted.
20260829T143349Z,reader-afc,NYJ,2026-08-26T18:08:30Z,2026-08-29T14:33:49Z,10,1,local-writer-stephen-holder,no_new_material,0,0,0,0,0,0,true,,0,,Assigned source was checked in the league-wide batch but is not registered to this team; no team-specific observation was emitted.
20260829T143349Z,reader-afc,NYJ,2026-08-26T18:08:30Z,2026-08-29T14:33:49Z,10,1,local-source-jacksonville-jaguars,no_new_material,0,0,0,0,0,0,true,,0,,Assigned source was checked in the league-wide batch but is not registered to this team; no team-specific observation was emitted.
20260829T143349Z,reader-afc,NYJ,2026-08-26T18:08:30Z,2026-08-29T14:33:49Z,10,1,local-writer-michael-dirocco,no_new_material,0,0,0,0,0,0,true,,0,,Assigned source was checked in the league-wide batch but is not registered to this team; no team-specific observation was emitted.
20260829T143349Z,reader-afc,NYJ,2026-08-26T18:08:30Z,2026-08-29T14:33:49Z,10,1,local-source-tennessee-titans,no_new_material,0,0,0,0,0,0,true,,0,,Assigned source was checked in the league-wide batch but is not registered to this team; no team-specific observation was emitted.
20260829T143349Z,reader-afc,NYJ,2026-08-26T18:08:30Z,2026-08-29T14:33:49Z,10,1,local-writer-turron-davenport,no_new_material,0,0,0,0,0,0,true,,0,,Assigned source was checked in the league-wide batch but is not registered to this team; no team-specific observation was emitted.
20260829T143349Z,reader-afc,NYJ,2026-08-26T18:08:30Z,2026-08-29T14:33:49Z,10,1,local-source-denver-broncos,no_new_material,0,0,0,0,0,0,true,,0,,Assigned source was checked in the league-wide batch but is not registered to this team; no team-specific observation was emitted.
20260829T143349Z,reader-afc,NYJ,2026-08-26T18:08:30Z,2026-08-29T14:33:49Z,10,1,local-writer-jeff-legwold,no_new_material,0,0,0,0,0,0,true,,0,,Assigned source was checked in the league-wide batch but is not registered to this team; no team-specific observation was emitted.
20260829T143349Z,reader-afc,NYJ,2026-08-26T18:08:30Z,2026-08-29T14:33:49Z,10,1,local-source-kansas-city-chiefs,no_new_material,0,0,0,0,0,0,true,,0,,Assigned source was checked in the league-wide batch but is not registered to this team; no team-specific observation was emitted.
20260829T143349Z,reader-afc,NYJ,2026-08-26T18:08:30Z,2026-08-29T14:33:49Z,10,1,local-writer-adam-teicher,no_new_material,0,0,0,0,0,0,true,,0,,Assigned source was checked in the league-wide batch but is not registered to this team; no team-specific observation was emitted.
20260829T143349Z,reader-afc,NYJ,2026-08-26T18:08:30Z,2026-08-29T14:33:49Z,10,1,local-source-las-vegas-raiders,no_new_material,0,0,0,0,0,0,true,,0,,Assigned source was checked in the league-wide batch but is not registered to this team; no team-specific observation was emitted.
20260829T143349Z,reader-afc,NYJ,2026-08-26T18:08:30Z,2026-08-29T14:33:49Z,10,1,local-writer-ryan-mcfadden,no_new_material,0,0,0,0,0,0,true,,0,,Assigned source was checked in the league-wide batch but is not registered to this team; no team-specific observation was emitted.
20260829T143349Z,reader-afc,NYJ,2026-08-26T18:08:30Z,2026-08-29T14:33:49Z,10,1,local-source-los-angeles-chargers,no_new_material,0,0,0,0,0,0,true,,0,,Assigned source was checked in the league-wide batch but is not registered to this team; no team-specific observation was emitted.
20260829T143349Z,reader-afc,NYJ,2026-08-26T18:08:30Z,2026-08-29T14:33:49Z,10,1,local-writer-kris-rhim,no_new_material,0,0,0,0,0,0,true,,0,,Assigned source was checked in the league-wide batch but is not registered to this team; no team-specific observation was emitted.
20260829T143349Z,reader-afc,BAL,2026-08-26T18:08:30Z,2026-08-29T14:33:49Z,10,1,local-source-buffalo-bills,no_new_material,0,0,0,0,0,0,true,,0,,Assigned source was checked in the league-wide batch but is not registered to this team; no team-specific observation was emitted.
20260829T143349Z,reader-afc,BAL,2026-08-26T18:08:30Z,2026-08-29T14:33:49Z,10,1,local-writer-joe-buscaglia,no_new_material,0,0,0,0,0,0,true,,0,,Assigned source was checked in the league-wide batch but is not registered to this team; no team-specific observation was emitted.
20260829T143349Z,reader-afc,BAL,2026-08-26T18:08:30Z,2026-08-29T14:33:49Z,10,1,local-source-miami-dolphins,no_new_material,0,0,0,0,0,0,true,,0,,Assigned source was checked in the league-wide batch but is not registered to this team; no team-specific observation was emitted.
20260829T143349Z,reader-afc,BAL,2026-08-26T18:08:30Z,2026-08-29T14:33:49Z,10,1,local-writer-barry-jackson,no_new_material,0,0,0,0,0,0,true,,0,,Assigned source was checked in the league-wide batch but is not registered to this team; no team-specific observation was emitted.
20260829T143349Z,reader-afc,BAL,2026-08-26T18:08:30Z,2026-08-29T14:33:49Z,10,1,local-source-new-england-patriots,no_new_material,0,0,0,0,0,0,true,,0,,Assigned source was checked in the league-wide batch but is not registered to this team; no team-specific observation was emitted.
20260829T143349Z,reader-afc,BAL,2026-08-26T18:08:30Z,2026-08-29T14:33:49Z,10,1,local-writer-mike-reiss,no_new_material,0,0,0,0,0,0,true,,0,,Assigned source was checked in the league-wide batch but is not registered to this team; no team-specific observation was emitted.
20260829T143349Z,reader-afc,BAL,2026-08-26T18:08:30Z,2026-08-29T14:33:49Z,10,1,local-source-new-york-jets,no_new_material,0,0,0,0,0,0,true,,0,,Assigned source was checked in the league-wide batch but is not registered to this team; no team-specific observation was emitted.
20260829T143349Z,reader-afc,BAL,2026-08-26T18:08:30Z,2026-08-29T14:33:49Z,10,1,local-writer-rich-cimini,no_new_material,0,0,0,0,0,0,true,,0,,Assigned source was checked in the league-wide batch but is not registered to this team; no team-specific observation was emitted.
20260829T143349Z,reader-afc,BAL,2026-08-26T18:08:30Z,2026-08-29T14:33:49Z,10,3,local-source-baltimore-ravens,no_new_material,5,0,0,0,0,0,true,,0,,"Official news, transactions, roster, injury, and press-room endpoints were checked; final-preseason content did not change a fantasy-relevant established role."
20260829T143349Z,reader-afc,BAL,2026-08-26T18:08:30Z,2026-08-29T14:33:49Z,10,2,local-writer-jeff-zrebiec,no_new_material,3,0,0,0,0,0,true,,0,,"The Athletic metadata and attributed podcast appearances were checked; no sufficiently precise in-window atomic claim was available."
20260829T143349Z,reader-afc,BAL,2026-08-26T18:08:30Z,2026-08-29T14:33:49Z,10,1,local-source-cincinnati-bengals,no_new_material,0,0,0,0,0,0,true,,0,,Assigned source was checked in the league-wide batch but is not registered to this team; no team-specific observation was emitted.
20260829T143349Z,reader-afc,BAL,2026-08-26T18:08:30Z,2026-08-29T14:33:49Z,10,1,local-writer-ben-baby,no_new_material,0,0,0,0,0,0,true,,0,,Assigned source was checked in the league-wide batch but is not registered to this team; no team-specific observation was emitted.
20260829T143349Z,reader-afc,BAL,2026-08-26T18:08:30Z,2026-08-29T14:33:49Z,10,1,local-source-cleveland-browns,no_new_material,0,0,0,0,0,0,true,,0,,Assigned source was checked in the league-wide batch but is not registered to this team; no team-specific observation was emitted.
20260829T143349Z,reader-afc,BAL,2026-08-26T18:08:30Z,2026-08-29T14:33:49Z,10,1,local-writer-daniel-oyefusi,no_new_material,0,0,0,0,0,0,true,,0,,Assigned source was checked in the league-wide batch but is not registered to this team; no team-specific observation was emitted.
20260829T143349Z,reader-afc,BAL,2026-08-26T18:08:30Z,2026-08-29T14:33:49Z,10,1,local-source-pittsburgh-steelers,no_new_material,0,0,0,0,0,0,true,,0,,Assigned source was checked in the league-wide batch but is not registered to this team; no team-specific observation was emitted.
20260829T143349Z,reader-afc,BAL,2026-08-26T18:08:30Z,2026-08-29T14:33:49Z,10,1,local-writer-brooke-pryor,no_new_material,0,0,0,0,0,0,true,,0,,Assigned source was checked in the league-wide batch but is not registered to this team; no team-specific observation was emitted.
20260829T143349Z,reader-afc,BAL,2026-08-26T18:08:30Z,2026-08-29T14:33:49Z,10,1,local-source-houston-texans,no_new_material,0,0,0,0,0,0,true,,0,,Assigned source was checked in the league-wide batch but is not registered to this team; no team-specific observation was emitted.
20260829T143349Z,reader-afc,BAL,2026-08-26T18:08:30Z,2026-08-29T14:33:49Z,10,1,local-writer-dj-bien-aime,no_new_material,0,0,0,0,0,0,true,,0,,Assigned source was checked in the league-wide batch but is not registered to this team; no team-specific observation was emitted.
20260829T143349Z,reader-afc,BAL,2026-08-26T18:08:30Z,2026-08-29T14:33:49Z,10,1,local-source-indianapolis-colts,no_new_material,0,0,0,0,0,0,true,,0,,Assigned source was checked in the league-wide batch but is not registered to this team; no team-specific observation was emitted.
20260829T143349Z,reader-afc,BAL,2026-08-26T18:08:30Z,2026-08-29T14:33:49Z,10,1,local-writer-stephen-holder,no_new_material,0,0,0,0,0,0,true,,0,,Assigned source was checked in the league-wide batch but is not registered to this team; no team-specific observation was emitted.
20260829T143349Z,reader-afc,BAL,2026-08-26T18:08:30Z,2026-08-29T14:33:49Z,10,1,local-source-jacksonville-jaguars,no_new_material,0,0,0,0,0,0,true,,0,,Assigned source was checked in the league-wide batch but is not registered to this team; no team-specific observation was emitted.
20260829T143349Z,reader-afc,BAL,2026-08-26T18:08:30Z,2026-08-29T14:33:49Z,10,1,local-writer-michael-dirocco,no_new_material,0,0,0,0,0,0,true,,0,,Assigned source was checked in the league-wide batch but is not registered to this team; no team-specific observation was emitted.
20260829T143349Z,reader-afc,BAL,2026-08-26T18:08:30Z,2026-08-29T14:33:49Z,10,1,local-source-tennessee-titans,no_new_material,0,0,0,0,0,0,true,,0,,Assigned source was checked in the league-wide batch but is not registered to this team; no team-specific observation was emitted.
20260829T143349Z,reader-afc,BAL,2026-08-26T18:08:30Z,2026-08-29T14:33:49Z,10,1,local-writer-turron-davenport,no_new_material,0,0,0,0,0,0,true,,0,,Assigned source was checked in the league-wide batch but is not registered to this team; no team-specific observation was emitted.
20260829T143349Z,reader-afc,BAL,2026-08-26T18:08:30Z,2026-08-29T14:33:49Z,10,1,local-source-denver-broncos,no_new_material,0,0,0,0,0,0,true,,0,,Assigned source was checked in the league-wide batch but is not registered to this team; no team-specific observation was emitted.
20260829T143349Z,reader-afc,BAL,2026-08-26T18:08:30Z,2026-08-29T14:33:49Z,10,1,local-writer-jeff-legwold,no_new_material,0,0,0,0,0,0,true,,0,,Assigned source was checked in the league-wide batch but is not registered to this team; no team-specific observation was emitted.
20260829T143349Z,reader-afc,BAL,2026-08-26T18:08:30Z,2026-08-29T14:33:49Z,10,1,local-source-kansas-city-chiefs,no_new_material,0,0,0,0,0,0,true,,0,,Assigned source was checked in the league-wide batch but is not registered to this team; no team-specific observation was emitted.
20260829T143349Z,reader-afc,BAL,2026-08-26T18:08:30Z,2026-08-29T14:33:49Z,10,1,local-writer-adam-teicher,no_new_material,0,0,0,0,0,0,true,,0,,Assigned source was checked in the league-wide batch but is not registered to this team; no team-specific observation was emitted.
20260829T143349Z,reader-afc,BAL,2026-08-26T18:08:30Z,2026-08-29T14:33:49Z,10,1,local-source-las-vegas-raiders,no_new_material,0,0,0,0,0,0,true,,0,,Assigned source was checked in the league-wide batch but is not registered to this team; no team-specific observation was emitted.
20260829T143349Z,reader-afc,BAL,2026-08-26T18:08:30Z,2026-08-29T14:33:49Z,10,1,local-writer-ryan-mcfadden,no_new_material,0,0,0,0,0,0,true,,0,,Assigned source was checked in the league-wide batch but is not registered to this team; no team-specific observation was emitted.
20260829T143349Z,reader-afc,BAL,2026-08-26T18:08:30Z,2026-08-29T14:33:49Z,10,1,local-source-los-angeles-chargers,no_new_material,0,0,0,0,0,0,true,,0,,Assigned source was checked in the league-wide batch but is not registered to this team; no team-specific observation was emitted.
20260829T143349Z,reader-afc,BAL,2026-08-26T18:08:30Z,2026-08-29T14:33:49Z,10,1,local-writer-kris-rhim,no_new_material,0,0,0,0,0,0,true,,0,,Assigned source was checked in the league-wide batch but is not registered to this team; no team-specific observation was emitted.
20260829T143349Z,reader-afc,CIN,2026-08-26T18:08:30Z,2026-08-29T14:33:49Z,10,1,local-source-buffalo-bills,no_new_material,0,0,0,0,0,0,true,,0,,Assigned source was checked in the league-wide batch but is not registered to this team; no team-specific observation was emitted.
20260829T143349Z,reader-afc,CIN,2026-08-26T18:08:30Z,2026-08-29T14:33:49Z,10,1,local-writer-joe-buscaglia,no_new_material,0,0,0,0,0,0,true,,0,,Assigned source was checked in the league-wide batch but is not registered to this team; no team-specific observation was emitted.
20260829T143349Z,reader-afc,CIN,2026-08-26T18:08:30Z,2026-08-29T14:33:49Z,10,1,local-source-miami-dolphins,no_new_material,0,0,0,0,0,0,true,,0,,Assigned source was checked in the league-wide batch but is not registered to this team; no team-specific observation was emitted.
20260829T143349Z,reader-afc,CIN,2026-08-26T18:08:30Z,2026-08-29T14:33:49Z,10,1,local-writer-barry-jackson,no_new_material,0,0,0,0,0,0,true,,0,,Assigned source was checked in the league-wide batch but is not registered to this team; no team-specific observation was emitted.
20260829T143349Z,reader-afc,CIN,2026-08-26T18:08:30Z,2026-08-29T14:33:49Z,10,1,local-source-new-england-patriots,no_new_material,0,0,0,0,0,0,true,,0,,Assigned source was checked in the league-wide batch but is not registered to this team; no team-specific observation was emitted.
20260829T143349Z,reader-afc,CIN,2026-08-26T18:08:30Z,2026-08-29T14:33:49Z,10,1,local-writer-mike-reiss,no_new_material,0,0,0,0,0,0,true,,0,,Assigned source was checked in the league-wide batch but is not registered to this team; no team-specific observation was emitted.
20260829T143349Z,reader-afc,CIN,2026-08-26T18:08:30Z,2026-08-29T14:33:49Z,10,1,local-source-new-york-jets,no_new_material,0,0,0,0,0,0,true,,0,,Assigned source was checked in the league-wide batch but is not registered to this team; no team-specific observation was emitted.
20260829T143349Z,reader-afc,CIN,2026-08-26T18:08:30Z,2026-08-29T14:33:49Z,10,1,local-writer-rich-cimini,no_new_material,0,0,0,0,0,0,true,,0,,Assigned source was checked in the league-wide batch but is not registered to this team; no team-specific observation was emitted.
20260829T143349Z,reader-afc,CIN,2026-08-26T18:08:30Z,2026-08-29T14:33:49Z,10,1,local-source-baltimore-ravens,no_new_material,0,0,0,0,0,0,true,,0,,Assigned source was checked in the league-wide batch but is not registered to this team; no team-specific observation was emitted.
20260829T143349Z,reader-afc,CIN,2026-08-26T18:08:30Z,2026-08-29T14:33:49Z,10,1,local-writer-jeff-zrebiec,no_new_material,0,0,0,0,0,0,true,,0,,Assigned source was checked in the league-wide batch but is not registered to this team; no team-specific observation was emitted.
20260829T143349Z,reader-afc,CIN,2026-08-26T18:08:30Z,2026-08-29T14:33:49Z,10,2,local-source-cincinnati-bengals,no_new_material,4,0,0,0,0,0,true,,0,,"Official news, roster, media, and injury endpoints were checked; no material in-window update was found."
20260829T143349Z,reader-afc,CIN,2026-08-26T18:08:30Z,2026-08-29T14:33:49Z,10,2,local-writer-ben-baby,no_new_material,2,0,0,0,0,0,true,,0,,"ESPN biography and discoverable attributed reporting were checked; no distinct material in-window item was found."
20260829T143349Z,reader-afc,CIN,2026-08-26T18:08:30Z,2026-08-29T14:33:49Z,10,1,local-source-cleveland-browns,no_new_material,0,0,0,0,0,0,true,,0,,Assigned source was checked in the league-wide batch but is not registered to this team; no team-specific observation was emitted.
20260829T143349Z,reader-afc,CIN,2026-08-26T18:08:30Z,2026-08-29T14:33:49Z,10,1,local-writer-daniel-oyefusi,no_new_material,0,0,0,0,0,0,true,,0,,Assigned source was checked in the league-wide batch but is not registered to this team; no team-specific observation was emitted.
20260829T143349Z,reader-afc,CIN,2026-08-26T18:08:30Z,2026-08-29T14:33:49Z,10,1,local-source-pittsburgh-steelers,no_new_material,0,0,0,0,0,0,true,,0,,Assigned source was checked in the league-wide batch but is not registered to this team; no team-specific observation was emitted.
20260829T143349Z,reader-afc,CIN,2026-08-26T18:08:30Z,2026-08-29T14:33:49Z,10,1,local-writer-brooke-pryor,no_new_material,0,0,0,0,0,0,true,,0,,Assigned source was checked in the league-wide batch but is not registered to this team; no team-specific observation was emitted.
20260829T143349Z,reader-afc,CIN,2026-08-26T18:08:30Z,2026-08-29T14:33:49Z,10,1,local-source-houston-texans,no_new_material,0,0,0,0,0,0,true,,0,,Assigned source was checked in the league-wide batch but is not registered to this team; no team-specific observation was emitted.
20260829T143349Z,reader-afc,CIN,2026-08-26T18:08:30Z,2026-08-29T14:33:49Z,10,1,local-writer-dj-bien-aime,no_new_material,0,0,0,0,0,0,true,,0,,Assigned source was checked in the league-wide batch but is not registered to this team; no team-specific observation was emitted.
20260829T143349Z,reader-afc,CIN,2026-08-26T18:08:30Z,2026-08-29T14:33:49Z,10,1,local-source-indianapolis-colts,no_new_material,0,0,0,0,0,0,true,,0,,Assigned source was checked in the league-wide batch but is not registered to this team; no team-specific observation was emitted.
20260829T143349Z,reader-afc,CIN,2026-08-26T18:08:30Z,2026-08-29T14:33:49Z,10,1,local-writer-stephen-holder,no_new_material,0,0,0,0,0,0,true,,0,,Assigned source was checked in the league-wide batch but is not registered to this team; no team-specific observation was emitted.
20260829T143349Z,reader-afc,CIN,2026-08-26T18:08:30Z,2026-08-29T14:33:49Z,10,1,local-source-jacksonville-jaguars,no_new_material,0,0,0,0,0,0,true,,0,,Assigned source was checked in the league-wide batch but is not registered to this team; no team-specific observation was emitted.
20260829T143349Z,reader-afc,CIN,2026-08-26T18:08:30Z,2026-08-29T14:33:49Z,10,1,local-writer-michael-dirocco,no_new_material,0,0,0,0,0,0,true,,0,,Assigned source was checked in the league-wide batch but is not registered to this team; no team-specific observation was emitted.
20260829T143349Z,reader-afc,CIN,2026-08-26T18:08:30Z,2026-08-29T14:33:49Z,10,1,local-source-tennessee-titans,no_new_material,0,0,0,0,0,0,true,,0,,Assigned source was checked in the league-wide batch but is not registered to this team; no team-specific observation was emitted.
20260829T143349Z,reader-afc,CIN,2026-08-26T18:08:30Z,2026-08-29T14:33:49Z,10,1,local-writer-turron-davenport,no_new_material,0,0,0,0,0,0,true,,0,,Assigned source was checked in the league-wide batch but is not registered to this team; no team-specific observation was emitted.
20260829T143349Z,reader-afc,CIN,2026-08-26T18:08:30Z,2026-08-29T14:33:49Z,10,1,local-source-denver-broncos,no_new_material,0,0,0,0,0,0,true,,0,,Assigned source was checked in the league-wide batch but is not registered to this team; no team-specific observation was emitted.
20260829T143349Z,reader-afc,CIN,2026-08-26T18:08:30Z,2026-08-29T14:33:49Z,10,1,local-writer-jeff-legwold,no_new_material,0,0,0,0,0,0,true,,0,,Assigned source was checked in the league-wide batch but is not registered to this team; no team-specific observation was emitted.
20260829T143349Z,reader-afc,CIN,2026-08-26T18:08:30Z,2026-08-29T14:33:49Z,10,1,local-source-kansas-city-chiefs,no_new_material,0,0,0,0,0,0,true,,0,,Assigned source was checked in the league-wide batch but is not registered to this team; no team-specific observation was emitted.
20260829T143349Z,reader-afc,CIN,2026-08-26T18:08:30Z,2026-08-29T14:33:49Z,10,1,local-writer-adam-teicher,no_new_material,0,0,0,0,0,0,true,,0,,Assigned source was checked in the league-wide batch but is not registered to this team; no team-specific observation was emitted.
20260829T143349Z,reader-afc,CIN,2026-08-26T18:08:30Z,2026-08-29T14:33:49Z,10,1,local-source-las-vegas-raiders,no_new_material,0,0,0,0,0,0,true,,0,,Assigned source was checked in the league-wide batch but is not registered to this team; no team-specific observation was emitted.
20260829T143349Z,reader-afc,CIN,2026-08-26T18:08:30Z,2026-08-29T14:33:49Z,10,1,local-writer-ryan-mcfadden,no_new_material,0,0,0,0,0,0,true,,0,,Assigned source was checked in the league-wide batch but is not registered to this team; no team-specific observation was emitted.
20260829T143349Z,reader-afc,CIN,2026-08-26T18:08:30Z,2026-08-29T14:33:49Z,10,1,local-source-los-angeles-chargers,no_new_material,0,0,0,0,0,0,true,,0,,Assigned source was checked in the league-wide batch but is not registered to this team; no team-specific observation was emitted.
20260829T143349Z,reader-afc,CIN,2026-08-26T18:08:30Z,2026-08-29T14:33:49Z,10,1,local-writer-kris-rhim,no_new_material,0,0,0,0,0,0,true,,0,,Assigned source was checked in the league-wide batch but is not registered to this team; no team-specific observation was emitted.
20260829T143349Z,reader-afc,CLE,2026-08-26T18:08:30Z,2026-08-29T14:33:49Z,10,1,local-source-buffalo-bills,no_new_material,0,0,0,0,0,0,true,,0,,Assigned source was checked in the league-wide batch but is not registered to this team; no team-specific observation was emitted.
20260829T143349Z,reader-afc,CLE,2026-08-26T18:08:30Z,2026-08-29T14:33:49Z,10,1,local-writer-joe-buscaglia,no_new_material,0,0,0,0,0,0,true,,0,,Assigned source was checked in the league-wide batch but is not registered to this team; no team-specific observation was emitted.
20260829T143349Z,reader-afc,CLE,2026-08-26T18:08:30Z,2026-08-29T14:33:49Z,10,1,local-source-miami-dolphins,no_new_material,0,0,0,0,0,0,true,,0,,Assigned source was checked in the league-wide batch but is not registered to this team; no team-specific observation was emitted.
20260829T143349Z,reader-afc,CLE,2026-08-26T18:08:30Z,2026-08-29T14:33:49Z,10,1,local-writer-barry-jackson,no_new_material,0,0,0,0,0,0,true,,0,,Assigned source was checked in the league-wide batch but is not registered to this team; no team-specific observation was emitted.
20260829T143349Z,reader-afc,CLE,2026-08-26T18:08:30Z,2026-08-29T14:33:49Z,10,1,local-source-new-england-patriots,no_new_material,0,0,0,0,0,0,true,,0,,Assigned source was checked in the league-wide batch but is not registered to this team; no team-specific observation was emitted.
20260829T143349Z,reader-afc,CLE,2026-08-26T18:08:30Z,2026-08-29T14:33:49Z,10,1,local-writer-mike-reiss,no_new_material,0,0,0,0,0,0,true,,0,,Assigned source was checked in the league-wide batch but is not registered to this team; no team-specific observation was emitted.
20260829T143349Z,reader-afc,CLE,2026-08-26T18:08:30Z,2026-08-29T14:33:49Z,10,1,local-source-new-york-jets,no_new_material,0,0,0,0,0,0,true,,0,,Assigned source was checked in the league-wide batch but is not registered to this team; no team-specific observation was emitted.
20260829T143349Z,reader-afc,CLE,2026-08-26T18:08:30Z,2026-08-29T14:33:49Z,10,1,local-writer-rich-cimini,no_new_material,0,0,0,0,0,0,true,,0,,Assigned source was checked in the league-wide batch but is not registered to this team; no team-specific observation was emitted.
20260829T143349Z,reader-afc,CLE,2026-08-26T18:08:30Z,2026-08-29T14:33:49Z,10,1,local-source-baltimore-ravens,no_new_material,0,0,0,0,0,0,true,,0,,Assigned source was checked in the league-wide batch but is not registered to this team; no team-specific observation was emitted.
20260829T143349Z,reader-afc,CLE,2026-08-26T18:08:30Z,2026-08-29T14:33:49Z,10,1,local-writer-jeff-zrebiec,no_new_material,0,0,0,0,0,0,true,,0,,Assigned source was checked in the league-wide batch but is not registered to this team; no team-specific observation was emitted.
20260829T143349Z,reader-afc,CLE,2026-08-26T18:08:30Z,2026-08-29T14:33:49Z,10,1,local-source-cincinnati-bengals,no_new_material,0,0,0,0,0,0,true,,0,,Assigned source was checked in the league-wide batch but is not registered to this team; no team-specific observation was emitted.
20260829T143349Z,reader-afc,CLE,2026-08-26T18:08:30Z,2026-08-29T14:33:49Z,10,1,local-writer-ben-baby,no_new_material,0,0,0,0,0,0,true,,0,,Assigned source was checked in the league-wide batch but is not registered to this team; no team-specific observation was emitted.
20260829T143349Z,reader-afc,CLE,2026-08-26T18:08:30Z,2026-08-29T14:33:49Z,10,3,local-source-cleveland-browns,checked,5,1,0,0,1,0,false,obs-2026-cle-20260829t143349z-001,0,,"Checked official news, transaction, roster, and injury endpoints plus the preseason recap."
20260829T143349Z,reader-afc,CLE,2026-08-26T18:08:30Z,2026-08-29T14:33:49Z,10,2,local-writer-daniel-oyefusi,no_new_material,2,0,1,0,0,0,true,,0,,"Discoverable Oyefusi reporting repeated official cut information; no independent additional observation was emitted."
20260829T143349Z,reader-afc,CLE,2026-08-26T18:08:30Z,2026-08-29T14:33:49Z,10,1,local-source-pittsburgh-steelers,no_new_material,0,0,0,0,0,0,true,,0,,Assigned source was checked in the league-wide batch but is not registered to this team; no team-specific observation was emitted.
20260829T143349Z,reader-afc,CLE,2026-08-26T18:08:30Z,2026-08-29T14:33:49Z,10,1,local-writer-brooke-pryor,no_new_material,0,0,0,0,0,0,true,,0,,Assigned source was checked in the league-wide batch but is not registered to this team; no team-specific observation was emitted.
20260829T143349Z,reader-afc,CLE,2026-08-26T18:08:30Z,2026-08-29T14:33:49Z,10,1,local-source-houston-texans,no_new_material,0,0,0,0,0,0,true,,0,,Assigned source was checked in the league-wide batch but is not registered to this team; no team-specific observation was emitted.
20260829T143349Z,reader-afc,CLE,2026-08-26T18:08:30Z,2026-08-29T14:33:49Z,10,1,local-writer-dj-bien-aime,no_new_material,0,0,0,0,0,0,true,,0,,Assigned source was checked in the league-wide batch but is not registered to this team; no team-specific observation was emitted.
20260829T143349Z,reader-afc,CLE,2026-08-26T18:08:30Z,2026-08-29T14:33:49Z,10,1,local-source-indianapolis-colts,no_new_material,0,0,0,0,0,0,true,,0,,Assigned source was checked in the league-wide batch but is not registered to this team; no team-specific observation was emitted.
20260829T143349Z,reader-afc,CLE,2026-08-26T18:08:30Z,2026-08-29T14:33:49Z,10,1,local-writer-stephen-holder,no_new_material,0,0,0,0,0,0,true,,0,,Assigned source was checked in the league-wide batch but is not registered to this team; no team-specific observation was emitted.
20260829T143349Z,reader-afc,CLE,2026-08-26T18:08:30Z,2026-08-29T14:33:49Z,10,1,local-source-jacksonville-jaguars,no_new_material,0,0,0,0,0,0,true,,0,,Assigned source was checked in the league-wide batch but is not registered to this team; no team-specific observation was emitted.
20260829T143349Z,reader-afc,CLE,2026-08-26T18:08:30Z,2026-08-29T14:33:49Z,10,1,local-writer-michael-dirocco,no_new_material,0,0,0,0,0,0,true,,0,,Assigned source was checked in the league-wide batch but is not registered to this team; no team-specific observation was emitted.
20260829T143349Z,reader-afc,CLE,2026-08-26T18:08:30Z,2026-08-29T14:33:49Z,10,1,local-source-tennessee-titans,no_new_material,0,0,0,0,0,0,true,,0,,Assigned source was checked in the league-wide batch but is not registered to this team; no team-specific observation was emitted.
20260829T143349Z,reader-afc,CLE,2026-08-26T18:08:30Z,2026-08-29T14:33:49Z,10,1,local-writer-turron-davenport,no_new_material,0,0,0,0,0,0,true,,0,,Assigned source was checked in the league-wide batch but is not registered to this team; no team-specific observation was emitted.
20260829T143349Z,reader-afc,CLE,2026-08-26T18:08:30Z,2026-08-29T14:33:49Z,10,1,local-source-denver-broncos,no_new_material,0,0,0,0,0,0,true,,0,,Assigned source was checked in the league-wide batch but is not registered to this team; no team-specific observation was emitted.
20260829T143349Z,reader-afc,CLE,2026-08-26T18:08:30Z,2026-08-29T14:33:49Z,10,1,local-writer-jeff-legwold,no_new_material,0,0,0,0,0,0,true,,0,,Assigned source was checked in the league-wide batch but is not registered to this team; no team-specific observation was emitted.
20260829T143349Z,reader-afc,CLE,2026-08-26T18:08:30Z,2026-08-29T14:33:49Z,10,1,local-source-kansas-city-chiefs,no_new_material,0,0,0,0,0,0,true,,0,,Assigned source was checked in the league-wide batch but is not registered to this team; no team-specific observation was emitted.
20260829T143349Z,reader-afc,CLE,2026-08-26T18:08:30Z,2026-08-29T14:33:49Z,10,1,local-writer-adam-teicher,no_new_material,0,0,0,0,0,0,true,,0,,Assigned source was checked in the league-wide batch but is not registered to this team; no team-specific observation was emitted.
20260829T143349Z,reader-afc,CLE,2026-08-26T18:08:30Z,2026-08-29T14:33:49Z,10,1,local-source-las-vegas-raiders,no_new_material,0,0,0,0,0,0,true,,0,,Assigned source was checked in the league-wide batch but is not registered to this team; no team-specific observation was emitted.
20260829T143349Z,reader-afc,CLE,2026-08-26T18:08:30Z,2026-08-29T14:33:49Z,10,1,local-writer-ryan-mcfadden,no_new_material,0,0,0,0,0,0,true,,0,,Assigned source was checked in the league-wide batch but is not registered to this team; no team-specific observation was emitted.
20260829T143349Z,reader-afc,CLE,2026-08-26T18:08:30Z,2026-08-29T14:33:49Z,10,1,local-source-los-angeles-chargers,no_new_material,0,0,0,0,0,0,true,,0,,Assigned source was checked in the league-wide batch but is not registered to this team; no team-specific observation was emitted.
20260829T143349Z,reader-afc,CLE,2026-08-26T18:08:30Z,2026-08-29T14:33:49Z,10,1,local-writer-kris-rhim,no_new_material,0,0,0,0,0,0,true,,0,,Assigned source was checked in the league-wide batch but is not registered to this team; no team-specific observation was emitted.
20260829T143349Z,reader-afc,PIT,2026-08-26T18:08:30Z,2026-08-29T14:33:49Z,10,1,local-source-buffalo-bills,no_new_material,0,0,0,0,0,0,true,,0,,Assigned source was checked in the league-wide batch but is not registered to this team; no team-specific observation was emitted.
20260829T143349Z,reader-afc,PIT,2026-08-26T18:08:30Z,2026-08-29T14:33:49Z,10,1,local-writer-joe-buscaglia,no_new_material,0,0,0,0,0,0,true,,0,,Assigned source was checked in the league-wide batch but is not registered to this team; no team-specific observation was emitted.
20260829T143349Z,reader-afc,PIT,2026-08-26T18:08:30Z,2026-08-29T14:33:49Z,10,1,local-source-miami-dolphins,no_new_material,0,0,0,0,0,0,true,,0,,Assigned source was checked in the league-wide batch but is not registered to this team; no team-specific observation was emitted.
20260829T143349Z,reader-afc,PIT,2026-08-26T18:08:30Z,2026-08-29T14:33:49Z,10,1,local-writer-barry-jackson,no_new_material,0,0,0,0,0,0,true,,0,,Assigned source was checked in the league-wide batch but is not registered to this team; no team-specific observation was emitted.
20260829T143349Z,reader-afc,PIT,2026-08-26T18:08:30Z,2026-08-29T14:33:49Z,10,1,local-source-new-england-patriots,no_new_material,0,0,0,0,0,0,true,,0,,Assigned source was checked in the league-wide batch but is not registered to this team; no team-specific observation was emitted.
20260829T143349Z,reader-afc,PIT,2026-08-26T18:08:30Z,2026-08-29T14:33:49Z,10,1,local-writer-mike-reiss,no_new_material,0,0,0,0,0,0,true,,0,,Assigned source was checked in the league-wide batch but is not registered to this team; no team-specific observation was emitted.
20260829T143349Z,reader-afc,PIT,2026-08-26T18:08:30Z,2026-08-29T14:33:49Z,10,1,local-source-new-york-jets,no_new_material,0,0,0,0,0,0,true,,0,,Assigned source was checked in the league-wide batch but is not registered to this team; no team-specific observation was emitted.
20260829T143349Z,reader-afc,PIT,2026-08-26T18:08:30Z,2026-08-29T14:33:49Z,10,1,local-writer-rich-cimini,no_new_material,0,0,0,0,0,0,true,,0,,Assigned source was checked in the league-wide batch but is not registered to this team; no team-specific observation was emitted.
20260829T143349Z,reader-afc,PIT,2026-08-26T18:08:30Z,2026-08-29T14:33:49Z,10,1,local-source-baltimore-ravens,no_new_material,0,0,0,0,0,0,true,,0,,Assigned source was checked in the league-wide batch but is not registered to this team; no team-specific observation was emitted.
20260829T143349Z,reader-afc,PIT,2026-08-26T18:08:30Z,2026-08-29T14:33:49Z,10,1,local-writer-jeff-zrebiec,no_new_material,0,0,0,0,0,0,true,,0,,Assigned source was checked in the league-wide batch but is not registered to this team; no team-specific observation was emitted.
20260829T143349Z,reader-afc,PIT,2026-08-26T18:08:30Z,2026-08-29T14:33:49Z,10,1,local-source-cincinnati-bengals,no_new_material,0,0,0,0,0,0,true,,0,,Assigned source was checked in the league-wide batch but is not registered to this team; no team-specific observation was emitted.
20260829T143349Z,reader-afc,PIT,2026-08-26T18:08:30Z,2026-08-29T14:33:49Z,10,1,local-writer-ben-baby,no_new_material,0,0,0,0,0,0,true,,0,,Assigned source was checked in the league-wide batch but is not registered to this team; no team-specific observation was emitted.
20260829T143349Z,reader-afc,PIT,2026-08-26T18:08:30Z,2026-08-29T14:33:49Z,10,1,local-source-cleveland-browns,no_new_material,0,0,0,0,0,0,true,,0,,Assigned source was checked in the league-wide batch but is not registered to this team; no team-specific observation was emitted.
20260829T143349Z,reader-afc,PIT,2026-08-26T18:08:30Z,2026-08-29T14:33:49Z,10,1,local-writer-daniel-oyefusi,no_new_material,0,0,0,0,0,0,true,,0,,Assigned source was checked in the league-wide batch but is not registered to this team; no team-specific observation was emitted.
20260829T143349Z,reader-afc,PIT,2026-08-26T18:08:30Z,2026-08-29T14:33:49Z,10,3,local-source-pittsburgh-steelers,checked,5,1,0,0,1,0,false,obs-2026-pit-20260829t143349z-001,0,,"Checked official news, roster, transactions, injury, and final-preseason coverage."
20260829T143349Z,reader-afc,PIT,2026-08-26T18:08:30Z,2026-08-29T14:33:49Z,10,2,local-writer-brooke-pryor,no_new_material,3,0,0,0,0,0,true,,0,,"ESPN profile and attributed in-window reporting were checked; preseason absences without known injuries were not promoted as material observations."
20260829T143349Z,reader-afc,PIT,2026-08-26T18:08:30Z,2026-08-29T14:33:49Z,10,1,local-source-houston-texans,no_new_material,0,0,0,0,0,0,true,,0,,Assigned source was checked in the league-wide batch but is not registered to this team; no team-specific observation was emitted.
20260829T143349Z,reader-afc,PIT,2026-08-26T18:08:30Z,2026-08-29T14:33:49Z,10,1,local-writer-dj-bien-aime,no_new_material,0,0,0,0,0,0,true,,0,,Assigned source was checked in the league-wide batch but is not registered to this team; no team-specific observation was emitted.
20260829T143349Z,reader-afc,PIT,2026-08-26T18:08:30Z,2026-08-29T14:33:49Z,10,1,local-source-indianapolis-colts,no_new_material,0,0,0,0,0,0,true,,0,,Assigned source was checked in the league-wide batch but is not registered to this team; no team-specific observation was emitted.
20260829T143349Z,reader-afc,PIT,2026-08-26T18:08:30Z,2026-08-29T14:33:49Z,10,1,local-writer-stephen-holder,no_new_material,0,0,0,0,0,0,true,,0,,Assigned source was checked in the league-wide batch but is not registered to this team; no team-specific observation was emitted.
20260829T143349Z,reader-afc,PIT,2026-08-26T18:08:30Z,2026-08-29T14:33:49Z,10,1,local-source-jacksonville-jaguars,no_new_material,0,0,0,0,0,0,true,,0,,Assigned source was checked in the league-wide batch but is not registered to this team; no team-specific observation was emitted.
20260829T143349Z,reader-afc,PIT,2026-08-26T18:08:30Z,2026-08-29T14:33:49Z,10,1,local-writer-michael-dirocco,no_new_material,0,0,0,0,0,0,true,,0,,Assigned source was checked in the league-wide batch but is not registered to this team; no team-specific observation was emitted.
20260829T143349Z,reader-afc,PIT,2026-08-26T18:08:30Z,2026-08-29T14:33:49Z,10,1,local-source-tennessee-titans,no_new_material,0,0,0,0,0,0,true,,0,,Assigned source was checked in the league-wide batch but is not registered to this team; no team-specific observation was emitted.
20260829T143349Z,reader-afc,PIT,2026-08-26T18:08:30Z,2026-08-29T14:33:49Z,10,1,local-writer-turron-davenport,no_new_material,0,0,0,0,0,0,true,,0,,Assigned source was checked in the league-wide batch but is not registered to this team; no team-specific observation was emitted.
20260829T143349Z,reader-afc,PIT,2026-08-26T18:08:30Z,2026-08-29T14:33:49Z,10,1,local-source-denver-broncos,no_new_material,0,0,0,0,0,0,true,,0,,Assigned source was checked in the league-wide batch but is not registered to this team; no team-specific observation was emitted.
20260829T143349Z,reader-afc,PIT,2026-08-26T18:08:30Z,2026-08-29T14:33:49Z,10,1,local-writer-jeff-legwold,no_new_material,0,0,0,0,0,0,true,,0,,Assigned source was checked in the league-wide batch but is not registered to this team; no team-specific observation was emitted.
20260829T143349Z,reader-afc,PIT,2026-08-26T18:08:30Z,2026-08-29T14:33:49Z,10,1,local-source-kansas-city-chiefs,no_new_material,0,0,0,0,0,0,true,,0,,Assigned source was checked in the league-wide batch but is not registered to this team; no team-specific observation was emitted.
20260829T143349Z,reader-afc,PIT,2026-08-26T18:08:30Z,2026-08-29T14:33:49Z,10,1,local-writer-adam-teicher,no_new_material,0,0,0,0,0,0,true,,0,,Assigned source was checked in the league-wide batch but is not registered to this team; no team-specific observation was emitted.
20260829T143349Z,reader-afc,PIT,2026-08-26T18:08:30Z,2026-08-29T14:33:49Z,10,1,local-source-las-vegas-raiders,no_new_material,0,0,0,0,0,0,true,,0,,Assigned source was checked in the league-wide batch but is not registered to this team; no team-specific observation was emitted.
20260829T143349Z,reader-afc,PIT,2026-08-26T18:08:30Z,2026-08-29T14:33:49Z,10,1,local-writer-ryan-mcfadden,no_new_material,0,0,0,0,0,0,true,,0,,Assigned source was checked in the league-wide batch but is not registered to this team; no team-specific observation was emitted.
20260829T143349Z,reader-afc,PIT,2026-08-26T18:08:30Z,2026-08-29T14:33:49Z,10,1,local-source-los-angeles-chargers,no_new_material,0,0,0,0,0,0,true,,0,,Assigned source was checked in the league-wide batch but is not registered to this team; no team-specific observation was emitted.
20260829T143349Z,reader-afc,PIT,2026-08-26T18:08:30Z,2026-08-29T14:33:49Z,10,1,local-writer-kris-rhim,no_new_material,0,0,0,0,0,0,true,,0,,Assigned source was checked in the league-wide batch but is not registered to this team; no team-specific observation was emitted.
20260829T143349Z,reader-afc,HOU,2026-08-26T18:08:30Z,2026-08-29T14:33:49Z,10,1,local-source-buffalo-bills,no_new_material,0,0,0,0,0,0,true,,0,,Assigned source was checked in the league-wide batch but is not registered to this team; no team-specific observation was emitted.
20260829T143349Z,reader-afc,HOU,2026-08-26T18:08:30Z,2026-08-29T14:33:49Z,10,1,local-writer-joe-buscaglia,no_new_material,0,0,0,0,0,0,true,,0,,Assigned source was checked in the league-wide batch but is not registered to this team; no team-specific observation was emitted.
20260829T143349Z,reader-afc,HOU,2026-08-26T18:08:30Z,2026-08-29T14:33:49Z,10,1,local-source-miami-dolphins,no_new_material,0,0,0,0,0,0,true,,0,,Assigned source was checked in the league-wide batch but is not registered to this team; no team-specific observation was emitted.
20260829T143349Z,reader-afc,HOU,2026-08-26T18:08:30Z,2026-08-29T14:33:49Z,10,1,local-writer-barry-jackson,no_new_material,0,0,0,0,0,0,true,,0,,Assigned source was checked in the league-wide batch but is not registered to this team; no team-specific observation was emitted.
20260829T143349Z,reader-afc,HOU,2026-08-26T18:08:30Z,2026-08-29T14:33:49Z,10,1,local-source-new-england-patriots,no_new_material,0,0,0,0,0,0,true,,0,,Assigned source was checked in the league-wide batch but is not registered to this team; no team-specific observation was emitted.
20260829T143349Z,reader-afc,HOU,2026-08-26T18:08:30Z,2026-08-29T14:33:49Z,10,1,local-writer-mike-reiss,no_new_material,0,0,0,0,0,0,true,,0,,Assigned source was checked in the league-wide batch but is not registered to this team; no team-specific observation was emitted.
20260829T143349Z,reader-afc,HOU,2026-08-26T18:08:30Z,2026-08-29T14:33:49Z,10,1,local-source-new-york-jets,no_new_material,0,0,0,0,0,0,true,,0,,Assigned source was checked in the league-wide batch but is not registered to this team; no team-specific observation was emitted.
20260829T143349Z,reader-afc,HOU,2026-08-26T18:08:30Z,2026-08-29T14:33:49Z,10,1,local-writer-rich-cimini,no_new_material,0,0,0,0,0,0,true,,0,,Assigned source was checked in the league-wide batch but is not registered to this team; no team-specific observation was emitted.
20260829T143349Z,reader-afc,HOU,2026-08-26T18:08:30Z,2026-08-29T14:33:49Z,10,1,local-source-baltimore-ravens,no_new_material,0,0,0,0,0,0,true,,0,,Assigned source was checked in the league-wide batch but is not registered to this team; no team-specific observation was emitted.
20260829T143349Z,reader-afc,HOU,2026-08-26T18:08:30Z,2026-08-29T14:33:49Z,10,1,local-writer-jeff-zrebiec,no_new_material,0,0,0,0,0,0,true,,0,,Assigned source was checked in the league-wide batch but is not registered to this team; no team-specific observation was emitted.
20260829T143349Z,reader-afc,HOU,2026-08-26T18:08:30Z,2026-08-29T14:33:49Z,10,1,local-source-cincinnati-bengals,no_new_material,0,0,0,0,0,0,true,,0,,Assigned source was checked in the league-wide batch but is not registered to this team; no team-specific observation was emitted.
20260829T143349Z,reader-afc,HOU,2026-08-26T18:08:30Z,2026-08-29T14:33:49Z,10,1,local-writer-ben-baby,no_new_material,0,0,0,0,0,0,true,,0,,Assigned source was checked in the league-wide batch but is not registered to this team; no team-specific observation was emitted.
20260829T143349Z,reader-afc,HOU,2026-08-26T18:08:30Z,2026-08-29T14:33:49Z,10,1,local-source-cleveland-browns,no_new_material,0,0,0,0,0,0,true,,0,,Assigned source was checked in the league-wide batch but is not registered to this team; no team-specific observation was emitted.
20260829T143349Z,reader-afc,HOU,2026-08-26T18:08:30Z,2026-08-29T14:33:49Z,10,1,local-writer-daniel-oyefusi,no_new_material,0,0,0,0,0,0,true,,0,,Assigned source was checked in the league-wide batch but is not registered to this team; no team-specific observation was emitted.
20260829T143349Z,reader-afc,HOU,2026-08-26T18:08:30Z,2026-08-29T14:33:49Z,10,1,local-source-pittsburgh-steelers,no_new_material,0,0,0,0,0,0,true,,0,,Assigned source was checked in the league-wide batch but is not registered to this team; no team-specific observation was emitted.
20260829T143349Z,reader-afc,HOU,2026-08-26T18:08:30Z,2026-08-29T14:33:49Z,10,1,local-writer-brooke-pryor,no_new_material,0,0,0,0,0,0,true,,0,,Assigned source was checked in the league-wide batch but is not registered to this team; no team-specific observation was emitted.
20260829T143349Z,reader-afc,HOU,2026-08-26T18:08:30Z,2026-08-29T14:33:49Z,10,2,local-source-houston-texans,no_new_material,6,0,0,0,0,0,true,,0,,"Official news, press room, roster, transactions, depth chart, and injury endpoints were checked; no material in-window item was found."
20260829T143349Z,reader-afc,HOU,2026-08-26T18:08:30Z,2026-08-29T14:33:49Z,10,2,local-writer-dj-bien-aime,no_new_material,2,0,0,0,0,0,true,,0,,"ESPN team coverage and biography endpoints were checked; no attributable in-window material was found."
20260829T143349Z,reader-afc,HOU,2026-08-26T18:08:30Z,2026-08-29T14:33:49Z,10,1,local-source-indianapolis-colts,no_new_material,0,0,0,0,0,0,true,,0,,Assigned source was checked in the league-wide batch but is not registered to this team; no team-specific observation was emitted.
20260829T143349Z,reader-afc,HOU,2026-08-26T18:08:30Z,2026-08-29T14:33:49Z,10,1,local-writer-stephen-holder,no_new_material,0,0,0,0,0,0,true,,0,,Assigned source was checked in the league-wide batch but is not registered to this team; no team-specific observation was emitted.
20260829T143349Z,reader-afc,HOU,2026-08-26T18:08:30Z,2026-08-29T14:33:49Z,10,1,local-source-jacksonville-jaguars,no_new_material,0,0,0,0,0,0,true,,0,,Assigned source was checked in the league-wide batch but is not registered to this team; no team-specific observation was emitted.
20260829T143349Z,reader-afc,HOU,2026-08-26T18:08:30Z,2026-08-29T14:33:49Z,10,1,local-writer-michael-dirocco,no_new_material,0,0,0,0,0,0,true,,0,,Assigned source was checked in the league-wide batch but is not registered to this team; no team-specific observation was emitted.
20260829T143349Z,reader-afc,HOU,2026-08-26T18:08:30Z,2026-08-29T14:33:49Z,10,1,local-source-tennessee-titans,no_new_material,0,0,0,0,0,0,true,,0,,Assigned source was checked in the league-wide batch but is not registered to this team; no team-specific observation was emitted.
20260829T143349Z,reader-afc,HOU,2026-08-26T18:08:30Z,2026-08-29T14:33:49Z,10,1,local-writer-turron-davenport,no_new_material,0,0,0,0,0,0,true,,0,,Assigned source was checked in the league-wide batch but is not registered to this team; no team-specific observation was emitted.
20260829T143349Z,reader-afc,HOU,2026-08-26T18:08:30Z,2026-08-29T14:33:49Z,10,1,local-source-denver-broncos,no_new_material,0,0,0,0,0,0,true,,0,,Assigned source was checked in the league-wide batch but is not registered to this team; no team-specific observation was emitted.
20260829T143349Z,reader-afc,HOU,2026-08-26T18:08:30Z,2026-08-29T14:33:49Z,10,1,local-writer-jeff-legwold,no_new_material,0,0,0,0,0,0,true,,0,,Assigned source was checked in the league-wide batch but is not registered to this team; no team-specific observation was emitted.
20260829T143349Z,reader-afc,HOU,2026-08-26T18:08:30Z,2026-08-29T14:33:49Z,10,1,local-source-kansas-city-chiefs,no_new_material,0,0,0,0,0,0,true,,0,,Assigned source was checked in the league-wide batch but is not registered to this team; no team-specific observation was emitted.
20260829T143349Z,reader-afc,HOU,2026-08-26T18:08:30Z,2026-08-29T14:33:49Z,10,1,local-writer-adam-teicher,no_new_material,0,0,0,0,0,0,true,,0,,Assigned source was checked in the league-wide batch but is not registered to this team; no team-specific observation was emitted.
20260829T143349Z,reader-afc,HOU,2026-08-26T18:08:30Z,2026-08-29T14:33:49Z,10,1,local-source-las-vegas-raiders,no_new_material,0,0,0,0,0,0,true,,0,,Assigned source was checked in the league-wide batch but is not registered to this team; no team-specific observation was emitted.
20260829T143349Z,reader-afc,HOU,2026-08-26T18:08:30Z,2026-08-29T14:33:49Z,10,1,local-writer-ryan-mcfadden,no_new_material,0,0,0,0,0,0,true,,0,,Assigned source was checked in the league-wide batch but is not registered to this team; no team-specific observation was emitted.
20260829T143349Z,reader-afc,HOU,2026-08-26T18:08:30Z,2026-08-29T14:33:49Z,10,1,local-source-los-angeles-chargers,no_new_material,0,0,0,0,0,0,true,,0,,Assigned source was checked in the league-wide batch but is not registered to this team; no team-specific observation was emitted.
20260829T143349Z,reader-afc,HOU,2026-08-26T18:08:30Z,2026-08-29T14:33:49Z,10,1,local-writer-kris-rhim,no_new_material,0,0,0,0,0,0,true,,0,,Assigned source was checked in the league-wide batch but is not registered to this team; no team-specific observation was emitted.
20260829T143349Z,reader-afc,IND,2026-08-26T18:08:30Z,2026-08-29T14:33:49Z,10,1,local-source-buffalo-bills,no_new_material,0,0,0,0,0,0,true,,0,,Assigned source was checked in the league-wide batch but is not registered to this team; no team-specific observation was emitted.
20260829T143349Z,reader-afc,IND,2026-08-26T18:08:30Z,2026-08-29T14:33:49Z,10,1,local-writer-joe-buscaglia,no_new_material,0,0,0,0,0,0,true,,0,,Assigned source was checked in the league-wide batch but is not registered to this team; no team-specific observation was emitted.
20260829T143349Z,reader-afc,IND,2026-08-26T18:08:30Z,2026-08-29T14:33:49Z,10,1,local-source-miami-dolphins,no_new_material,0,0,0,0,0,0,true,,0,,Assigned source was checked in the league-wide batch but is not registered to this team; no team-specific observation was emitted.
20260829T143349Z,reader-afc,IND,2026-08-26T18:08:30Z,2026-08-29T14:33:49Z,10,1,local-writer-barry-jackson,no_new_material,0,0,0,0,0,0,true,,0,,Assigned source was checked in the league-wide batch but is not registered to this team; no team-specific observation was emitted.
20260829T143349Z,reader-afc,IND,2026-08-26T18:08:30Z,2026-08-29T14:33:49Z,10,1,local-source-new-england-patriots,no_new_material,0,0,0,0,0,0,true,,0,,Assigned source was checked in the league-wide batch but is not registered to this team; no team-specific observation was emitted.
20260829T143349Z,reader-afc,IND,2026-08-26T18:08:30Z,2026-08-29T14:33:49Z,10,1,local-writer-mike-reiss,no_new_material,0,0,0,0,0,0,true,,0,,Assigned source was checked in the league-wide batch but is not registered to this team; no team-specific observation was emitted.
20260829T143349Z,reader-afc,IND,2026-08-26T18:08:30Z,2026-08-29T14:33:49Z,10,1,local-source-new-york-jets,no_new_material,0,0,0,0,0,0,true,,0,,Assigned source was checked in the league-wide batch but is not registered to this team; no team-specific observation was emitted.
20260829T143349Z,reader-afc,IND,2026-08-26T18:08:30Z,2026-08-29T14:33:49Z,10,1,local-writer-rich-cimini,no_new_material,0,0,0,0,0,0,true,,0,,Assigned source was checked in the league-wide batch but is not registered to this team; no team-specific observation was emitted.
20260829T143349Z,reader-afc,IND,2026-08-26T18:08:30Z,2026-08-29T14:33:49Z,10,1,local-source-baltimore-ravens,no_new_material,0,0,0,0,0,0,true,,0,,Assigned source was checked in the league-wide batch but is not registered to this team; no team-specific observation was emitted.
20260829T143349Z,reader-afc,IND,2026-08-26T18:08:30Z,2026-08-29T14:33:49Z,10,1,local-writer-jeff-zrebiec,no_new_material,0,0,0,0,0,0,true,,0,,Assigned source was checked in the league-wide batch but is not registered to this team; no team-specific observation was emitted.
20260829T143349Z,reader-afc,IND,2026-08-26T18:08:30Z,2026-08-29T14:33:49Z,10,1,local-source-cincinnati-bengals,no_new_material,0,0,0,0,0,0,true,,0,,Assigned source was checked in the league-wide batch but is not registered to this team; no team-specific observation was emitted.
20260829T143349Z,reader-afc,IND,2026-08-26T18:08:30Z,2026-08-29T14:33:49Z,10,1,local-writer-ben-baby,no_new_material,0,0,0,0,0,0,true,,0,,Assigned source was checked in the league-wide batch but is not registered to this team; no team-specific observation was emitted.
20260829T143349Z,reader-afc,IND,2026-08-26T18:08:30Z,2026-08-29T14:33:49Z,10,1,local-source-cleveland-browns,no_new_material,0,0,0,0,0,0,true,,0,,Assigned source was checked in the league-wide batch but is not registered to this team; no team-specific observation was emitted.
20260829T143349Z,reader-afc,IND,2026-08-26T18:08:30Z,2026-08-29T14:33:49Z,10,1,local-writer-daniel-oyefusi,no_new_material,0,0,0,0,0,0,true,,0,,Assigned source was checked in the league-wide batch but is not registered to this team; no team-specific observation was emitted.
20260829T143349Z,reader-afc,IND,2026-08-26T18:08:30Z,2026-08-29T14:33:49Z,10,1,local-source-pittsburgh-steelers,no_new_material,0,0,0,0,0,0,true,,0,,Assigned source was checked in the league-wide batch but is not registered to this team; no team-specific observation was emitted.
20260829T143349Z,reader-afc,IND,2026-08-26T18:08:30Z,2026-08-29T14:33:49Z,10,1,local-writer-brooke-pryor,no_new_material,0,0,0,0,0,0,true,,0,,Assigned source was checked in the league-wide batch but is not registered to this team; no team-specific observation was emitted.
20260829T143349Z,reader-afc,IND,2026-08-26T18:08:30Z,2026-08-29T14:33:49Z,10,1,local-source-houston-texans,no_new_material,0,0,0,0,0,0,true,,0,,Assigned source was checked in the league-wide batch but is not registered to this team; no team-specific observation was emitted.
20260829T143349Z,reader-afc,IND,2026-08-26T18:08:30Z,2026-08-29T14:33:49Z,10,1,local-writer-dj-bien-aime,no_new_material,0,0,0,0,0,0,true,,0,,Assigned source was checked in the league-wide batch but is not registered to this team; no team-specific observation was emitted.
20260829T143349Z,reader-afc,IND,2026-08-26T18:08:30Z,2026-08-29T14:33:49Z,10,3,local-source-indianapolis-colts,checked,5,0,0,0,0,0,true,,0,,"Official news, roster, transactions, injury, and media endpoints were checked. Alec Pierce return material lacked an exposed exact item publication timestamp, so no observation was emitted under the reader contract."
20260829T143349Z,reader-afc,IND,2026-08-26T18:08:30Z,2026-08-29T14:33:49Z,10,2,local-writer-stephen-holder,no_new_material,2,0,0,0,0,0,true,,0,,"ESPN profile and discoverable attributed reporting were checked; no distinct in-window item met the threshold."
20260829T143349Z,reader-afc,IND,2026-08-26T18:08:30Z,2026-08-29T14:33:49Z,10,1,local-source-jacksonville-jaguars,no_new_material,0,0,0,0,0,0,true,,0,,Assigned source was checked in the league-wide batch but is not registered to this team; no team-specific observation was emitted.
20260829T143349Z,reader-afc,IND,2026-08-26T18:08:30Z,2026-08-29T14:33:49Z,10,1,local-writer-michael-dirocco,no_new_material,0,0,0,0,0,0,true,,0,,Assigned source was checked in the league-wide batch but is not registered to this team; no team-specific observation was emitted.
20260829T143349Z,reader-afc,IND,2026-08-26T18:08:30Z,2026-08-29T14:33:49Z,10,1,local-source-tennessee-titans,no_new_material,0,0,0,0,0,0,true,,0,,Assigned source was checked in the league-wide batch but is not registered to this team; no team-specific observation was emitted.
20260829T143349Z,reader-afc,IND,2026-08-26T18:08:30Z,2026-08-29T14:33:49Z,10,1,local-writer-turron-davenport,no_new_material,0,0,0,0,0,0,true,,0,,Assigned source was checked in the league-wide batch but is not registered to this team; no team-specific observation was emitted.
20260829T143349Z,reader-afc,IND,2026-08-26T18:08:30Z,2026-08-29T14:33:49Z,10,1,local-source-denver-broncos,no_new_material,0,0,0,0,0,0,true,,0,,Assigned source was checked in the league-wide batch but is not registered to this team; no team-specific observation was emitted.
20260829T143349Z,reader-afc,IND,2026-08-26T18:08:30Z,2026-08-29T14:33:49Z,10,1,local-writer-jeff-legwold,no_new_material,0,0,0,0,0,0,true,,0,,Assigned source was checked in the league-wide batch but is not registered to this team; no team-specific observation was emitted.
20260829T143349Z,reader-afc,IND,2026-08-26T18:08:30Z,2026-08-29T14:33:49Z,10,1,local-source-kansas-city-chiefs,no_new_material,0,0,0,0,0,0,true,,0,,Assigned source was checked in the league-wide batch but is not registered to this team; no team-specific observation was emitted.
20260829T143349Z,reader-afc,IND,2026-08-26T18:08:30Z,2026-08-29T14:33:49Z,10,1,local-writer-adam-teicher,no_new_material,0,0,0,0,0,0,true,,0,,Assigned source was checked in the league-wide batch but is not registered to this team; no team-specific observation was emitted.
20260829T143349Z,reader-afc,IND,2026-08-26T18:08:30Z,2026-08-29T14:33:49Z,10,1,local-source-las-vegas-raiders,no_new_material,0,0,0,0,0,0,true,,0,,Assigned source was checked in the league-wide batch but is not registered to this team; no team-specific observation was emitted.
20260829T143349Z,reader-afc,IND,2026-08-26T18:08:30Z,2026-08-29T14:33:49Z,10,1,local-writer-ryan-mcfadden,no_new_material,0,0,0,0,0,0,true,,0,,Assigned source was checked in the league-wide batch but is not registered to this team; no team-specific observation was emitted.
20260829T143349Z,reader-afc,IND,2026-08-26T18:08:30Z,2026-08-29T14:33:49Z,10,1,local-source-los-angeles-chargers,no_new_material,0,0,0,0,0,0,true,,0,,Assigned source was checked in the league-wide batch but is not registered to this team; no team-specific observation was emitted.
20260829T143349Z,reader-afc,IND,2026-08-26T18:08:30Z,2026-08-29T14:33:49Z,10,1,local-writer-kris-rhim,no_new_material,0,0,0,0,0,0,true,,0,,Assigned source was checked in the league-wide batch but is not registered to this team; no team-specific observation was emitted.
20260829T143349Z,reader-afc,JAX,2026-08-26T18:08:30Z,2026-08-29T14:33:49Z,10,1,local-source-buffalo-bills,no_new_material,0,0,0,0,0,0,true,,0,,Assigned source was checked in the league-wide batch but is not registered to this team; no team-specific observation was emitted.
20260829T143349Z,reader-afc,JAX,2026-08-26T18:08:30Z,2026-08-29T14:33:49Z,10,1,local-writer-joe-buscaglia,no_new_material,0,0,0,0,0,0,true,,0,,Assigned source was checked in the league-wide batch but is not registered to this team; no team-specific observation was emitted.
20260829T143349Z,reader-afc,JAX,2026-08-26T18:08:30Z,2026-08-29T14:33:49Z,10,1,local-source-miami-dolphins,no_new_material,0,0,0,0,0,0,true,,0,,Assigned source was checked in the league-wide batch but is not registered to this team; no team-specific observation was emitted.
20260829T143349Z,reader-afc,JAX,2026-08-26T18:08:30Z,2026-08-29T14:33:49Z,10,1,local-writer-barry-jackson,no_new_material,0,0,0,0,0,0,true,,0,,Assigned source was checked in the league-wide batch but is not registered to this team; no team-specific observation was emitted.
20260829T143349Z,reader-afc,JAX,2026-08-26T18:08:30Z,2026-08-29T14:33:49Z,10,1,local-source-new-england-patriots,no_new_material,0,0,0,0,0,0,true,,0,,Assigned source was checked in the league-wide batch but is not registered to this team; no team-specific observation was emitted.
20260829T143349Z,reader-afc,JAX,2026-08-26T18:08:30Z,2026-08-29T14:33:49Z,10,1,local-writer-mike-reiss,no_new_material,0,0,0,0,0,0,true,,0,,Assigned source was checked in the league-wide batch but is not registered to this team; no team-specific observation was emitted.
20260829T143349Z,reader-afc,JAX,2026-08-26T18:08:30Z,2026-08-29T14:33:49Z,10,1,local-source-new-york-jets,no_new_material,0,0,0,0,0,0,true,,0,,Assigned source was checked in the league-wide batch but is not registered to this team; no team-specific observation was emitted.
20260829T143349Z,reader-afc,JAX,2026-08-26T18:08:30Z,2026-08-29T14:33:49Z,10,1,local-writer-rich-cimini,no_new_material,0,0,0,0,0,0,true,,0,,Assigned source was checked in the league-wide batch but is not registered to this team; no team-specific observation was emitted.
20260829T143349Z,reader-afc,JAX,2026-08-26T18:08:30Z,2026-08-29T14:33:49Z,10,1,local-source-baltimore-ravens,no_new_material,0,0,0,0,0,0,true,,0,,Assigned source was checked in the league-wide batch but is not registered to this team; no team-specific observation was emitted.
20260829T143349Z,reader-afc,JAX,2026-08-26T18:08:30Z,2026-08-29T14:33:49Z,10,1,local-writer-jeff-zrebiec,no_new_material,0,0,0,0,0,0,true,,0,,Assigned source was checked in the league-wide batch but is not registered to this team; no team-specific observation was emitted.
20260829T143349Z,reader-afc,JAX,2026-08-26T18:08:30Z,2026-08-29T14:33:49Z,10,1,local-source-cincinnati-bengals,no_new_material,0,0,0,0,0,0,true,,0,,Assigned source was checked in the league-wide batch but is not registered to this team; no team-specific observation was emitted.
20260829T143349Z,reader-afc,JAX,2026-08-26T18:08:30Z,2026-08-29T14:33:49Z,10,1,local-writer-ben-baby,no_new_material,0,0,0,0,0,0,true,,0,,Assigned source was checked in the league-wide batch but is not registered to this team; no team-specific observation was emitted.
20260829T143349Z,reader-afc,JAX,2026-08-26T18:08:30Z,2026-08-29T14:33:49Z,10,1,local-source-cleveland-browns,no_new_material,0,0,0,0,0,0,true,,0,,Assigned source was checked in the league-wide batch but is not registered to this team; no team-specific observation was emitted.
20260829T143349Z,reader-afc,JAX,2026-08-26T18:08:30Z,2026-08-29T14:33:49Z,10,1,local-writer-daniel-oyefusi,no_new_material,0,0,0,0,0,0,true,,0,,Assigned source was checked in the league-wide batch but is not registered to this team; no team-specific observation was emitted.
20260829T143349Z,reader-afc,JAX,2026-08-26T18:08:30Z,2026-08-29T14:33:49Z,10,1,local-source-pittsburgh-steelers,no_new_material,0,0,0,0,0,0,true,,0,,Assigned source was checked in the league-wide batch but is not registered to this team; no team-specific observation was emitted.
20260829T143349Z,reader-afc,JAX,2026-08-26T18:08:30Z,2026-08-29T14:33:49Z,10,1,local-writer-brooke-pryor,no_new_material,0,0,0,0,0,0,true,,0,,Assigned source was checked in the league-wide batch but is not registered to this team; no team-specific observation was emitted.
20260829T143349Z,reader-afc,JAX,2026-08-26T18:08:30Z,2026-08-29T14:33:49Z,10,1,local-source-houston-texans,no_new_material,0,0,0,0,0,0,true,,0,,Assigned source was checked in the league-wide batch but is not registered to this team; no team-specific observation was emitted.
20260829T143349Z,reader-afc,JAX,2026-08-26T18:08:30Z,2026-08-29T14:33:49Z,10,1,local-writer-dj-bien-aime,no_new_material,0,0,0,0,0,0,true,,0,,Assigned source was checked in the league-wide batch but is not registered to this team; no team-specific observation was emitted.
20260829T143349Z,reader-afc,JAX,2026-08-26T18:08:30Z,2026-08-29T14:33:49Z,10,1,local-source-indianapolis-colts,no_new_material,0,0,0,0,0,0,true,,0,,Assigned source was checked in the league-wide batch but is not registered to this team; no team-specific observation was emitted.
20260829T143349Z,reader-afc,JAX,2026-08-26T18:08:30Z,2026-08-29T14:33:49Z,10,1,local-writer-stephen-holder,no_new_material,0,0,0,0,0,0,true,,0,,Assigned source was checked in the league-wide batch but is not registered to this team; no team-specific observation was emitted.
20260829T143349Z,reader-afc,JAX,2026-08-26T18:08:30Z,2026-08-29T14:33:49Z,10,3,local-source-jacksonville-jaguars,checked,5,1,0,0,0,0,false,obs-2026-jax-20260829t143349z-001,0,,"Checked official news, roster, transactions, injury, and preseason game coverage."
20260829T143349Z,reader-afc,JAX,2026-08-26T18:08:30Z,2026-08-29T14:33:49Z,10,2,local-writer-michael-dirocco,no_new_material,2,0,0,0,0,0,true,,0,,"ESPN profile and discoverable attributed reporting were checked; no distinct material in-window claim was found."
20260829T143349Z,reader-afc,JAX,2026-08-26T18:08:30Z,2026-08-29T14:33:49Z,10,1,local-source-tennessee-titans,no_new_material,0,0,0,0,0,0,true,,0,,Assigned source was checked in the league-wide batch but is not registered to this team; no team-specific observation was emitted.
20260829T143349Z,reader-afc,JAX,2026-08-26T18:08:30Z,2026-08-29T14:33:49Z,10,1,local-writer-turron-davenport,no_new_material,0,0,0,0,0,0,true,,0,,Assigned source was checked in the league-wide batch but is not registered to this team; no team-specific observation was emitted.
20260829T143349Z,reader-afc,JAX,2026-08-26T18:08:30Z,2026-08-29T14:33:49Z,10,1,local-source-denver-broncos,no_new_material,0,0,0,0,0,0,true,,0,,Assigned source was checked in the league-wide batch but is not registered to this team; no team-specific observation was emitted.
20260829T143349Z,reader-afc,JAX,2026-08-26T18:08:30Z,2026-08-29T14:33:49Z,10,1,local-writer-jeff-legwold,no_new_material,0,0,0,0,0,0,true,,0,,Assigned source was checked in the league-wide batch but is not registered to this team; no team-specific observation was emitted.
20260829T143349Z,reader-afc,JAX,2026-08-26T18:08:30Z,2026-08-29T14:33:49Z,10,1,local-source-kansas-city-chiefs,no_new_material,0,0,0,0,0,0,true,,0,,Assigned source was checked in the league-wide batch but is not registered to this team; no team-specific observation was emitted.
20260829T143349Z,reader-afc,JAX,2026-08-26T18:08:30Z,2026-08-29T14:33:49Z,10,1,local-writer-adam-teicher,no_new_material,0,0,0,0,0,0,true,,0,,Assigned source was checked in the league-wide batch but is not registered to this team; no team-specific observation was emitted.
20260829T143349Z,reader-afc,JAX,2026-08-26T18:08:30Z,2026-08-29T14:33:49Z,10,1,local-source-las-vegas-raiders,no_new_material,0,0,0,0,0,0,true,,0,,Assigned source was checked in the league-wide batch but is not registered to this team; no team-specific observation was emitted.
20260829T143349Z,reader-afc,JAX,2026-08-26T18:08:30Z,2026-08-29T14:33:49Z,10,1,local-writer-ryan-mcfadden,no_new_material,0,0,0,0,0,0,true,,0,,Assigned source was checked in the league-wide batch but is not registered to this team; no team-specific observation was emitted.
20260829T143349Z,reader-afc,JAX,2026-08-26T18:08:30Z,2026-08-29T14:33:49Z,10,1,local-source-los-angeles-chargers,no_new_material,0,0,0,0,0,0,true,,0,,Assigned source was checked in the league-wide batch but is not registered to this team; no team-specific observation was emitted.
20260829T143349Z,reader-afc,JAX,2026-08-26T18:08:30Z,2026-08-29T14:33:49Z,10,1,local-writer-kris-rhim,no_new_material,0,0,0,0,0,0,true,,0,,Assigned source was checked in the league-wide batch but is not registered to this team; no team-specific observation was emitted.
20260829T143349Z,reader-afc,TEN,2026-08-26T18:08:30Z,2026-08-29T14:33:49Z,10,1,local-source-buffalo-bills,no_new_material,0,0,0,0,0,0,true,,0,,Assigned source was checked in the league-wide batch but is not registered to this team; no team-specific observation was emitted.
20260829T143349Z,reader-afc,TEN,2026-08-26T18:08:30Z,2026-08-29T14:33:49Z,10,1,local-writer-joe-buscaglia,no_new_material,0,0,0,0,0,0,true,,0,,Assigned source was checked in the league-wide batch but is not registered to this team; no team-specific observation was emitted.
20260829T143349Z,reader-afc,TEN,2026-08-26T18:08:30Z,2026-08-29T14:33:49Z,10,1,local-source-miami-dolphins,no_new_material,0,0,0,0,0,0,true,,0,,Assigned source was checked in the league-wide batch but is not registered to this team; no team-specific observation was emitted.
20260829T143349Z,reader-afc,TEN,2026-08-26T18:08:30Z,2026-08-29T14:33:49Z,10,1,local-writer-barry-jackson,no_new_material,0,0,0,0,0,0,true,,0,,Assigned source was checked in the league-wide batch but is not registered to this team; no team-specific observation was emitted.
20260829T143349Z,reader-afc,TEN,2026-08-26T18:08:30Z,2026-08-29T14:33:49Z,10,1,local-source-new-england-patriots,no_new_material,0,0,0,0,0,0,true,,0,,Assigned source was checked in the league-wide batch but is not registered to this team; no team-specific observation was emitted.
20260829T143349Z,reader-afc,TEN,2026-08-26T18:08:30Z,2026-08-29T14:33:49Z,10,1,local-writer-mike-reiss,no_new_material,0,0,0,0,0,0,true,,0,,Assigned source was checked in the league-wide batch but is not registered to this team; no team-specific observation was emitted.
20260829T143349Z,reader-afc,TEN,2026-08-26T18:08:30Z,2026-08-29T14:33:49Z,10,1,local-source-new-york-jets,no_new_material,0,0,0,0,0,0,true,,0,,Assigned source was checked in the league-wide batch but is not registered to this team; no team-specific observation was emitted.
20260829T143349Z,reader-afc,TEN,2026-08-26T18:08:30Z,2026-08-29T14:33:49Z,10,1,local-writer-rich-cimini,no_new_material,0,0,0,0,0,0,true,,0,,Assigned source was checked in the league-wide batch but is not registered to this team; no team-specific observation was emitted.
20260829T143349Z,reader-afc,TEN,2026-08-26T18:08:30Z,2026-08-29T14:33:49Z,10,1,local-source-baltimore-ravens,no_new_material,0,0,0,0,0,0,true,,0,,Assigned source was checked in the league-wide batch but is not registered to this team; no team-specific observation was emitted.
20260829T143349Z,reader-afc,TEN,2026-08-26T18:08:30Z,2026-08-29T14:33:49Z,10,1,local-writer-jeff-zrebiec,no_new_material,0,0,0,0,0,0,true,,0,,Assigned source was checked in the league-wide batch but is not registered to this team; no team-specific observation was emitted.
20260829T143349Z,reader-afc,TEN,2026-08-26T18:08:30Z,2026-08-29T14:33:49Z,10,1,local-source-cincinnati-bengals,no_new_material,0,0,0,0,0,0,true,,0,,Assigned source was checked in the league-wide batch but is not registered to this team; no team-specific observation was emitted.
20260829T143349Z,reader-afc,TEN,2026-08-26T18:08:30Z,2026-08-29T14:33:49Z,10,1,local-writer-ben-baby,no_new_material,0,0,0,0,0,0,true,,0,,Assigned source was checked in the league-wide batch but is not registered to this team; no team-specific observation was emitted.
20260829T143349Z,reader-afc,TEN,2026-08-26T18:08:30Z,2026-08-29T14:33:49Z,10,1,local-source-cleveland-browns,no_new_material,0,0,0,0,0,0,true,,0,,Assigned source was checked in the league-wide batch but is not registered to this team; no team-specific observation was emitted.
20260829T143349Z,reader-afc,TEN,2026-08-26T18:08:30Z,2026-08-29T14:33:49Z,10,1,local-writer-daniel-oyefusi,no_new_material,0,0,0,0,0,0,true,,0,,Assigned source was checked in the league-wide batch but is not registered to this team; no team-specific observation was emitted.
20260829T143349Z,reader-afc,TEN,2026-08-26T18:08:30Z,2026-08-29T14:33:49Z,10,1,local-source-pittsburgh-steelers,no_new_material,0,0,0,0,0,0,true,,0,,Assigned source was checked in the league-wide batch but is not registered to this team; no team-specific observation was emitted.
20260829T143349Z,reader-afc,TEN,2026-08-26T18:08:30Z,2026-08-29T14:33:49Z,10,1,local-writer-brooke-pryor,no_new_material,0,0,0,0,0,0,true,,0,,Assigned source was checked in the league-wide batch but is not registered to this team; no team-specific observation was emitted.
20260829T143349Z,reader-afc,TEN,2026-08-26T18:08:30Z,2026-08-29T14:33:49Z,10,1,local-source-houston-texans,no_new_material,0,0,0,0,0,0,true,,0,,Assigned source was checked in the league-wide batch but is not registered to this team; no team-specific observation was emitted.
20260829T143349Z,reader-afc,TEN,2026-08-26T18:08:30Z,2026-08-29T14:33:49Z,10,1,local-writer-dj-bien-aime,no_new_material,0,0,0,0,0,0,true,,0,,Assigned source was checked in the league-wide batch but is not registered to this team; no team-specific observation was emitted.
20260829T143349Z,reader-afc,TEN,2026-08-26T18:08:30Z,2026-08-29T14:33:49Z,10,1,local-source-indianapolis-colts,no_new_material,0,0,0,0,0,0,true,,0,,Assigned source was checked in the league-wide batch but is not registered to this team; no team-specific observation was emitted.
20260829T143349Z,reader-afc,TEN,2026-08-26T18:08:30Z,2026-08-29T14:33:49Z,10,1,local-writer-stephen-holder,no_new_material,0,0,0,0,0,0,true,,0,,Assigned source was checked in the league-wide batch but is not registered to this team; no team-specific observation was emitted.
20260829T143349Z,reader-afc,TEN,2026-08-26T18:08:30Z,2026-08-29T14:33:49Z,10,1,local-source-jacksonville-jaguars,no_new_material,0,0,0,0,0,0,true,,0,,Assigned source was checked in the league-wide batch but is not registered to this team; no team-specific observation was emitted.
20260829T143349Z,reader-afc,TEN,2026-08-26T18:08:30Z,2026-08-29T14:33:49Z,10,1,local-writer-michael-dirocco,no_new_material,0,0,0,0,0,0,true,,0,,Assigned source was checked in the league-wide batch but is not registered to this team; no team-specific observation was emitted.
20260829T143349Z,reader-afc,TEN,2026-08-26T18:08:30Z,2026-08-29T14:33:49Z,10,4,local-source-tennessee-titans,checked,6,3,0,0,0,0,false,"obs-2026-ten-20260829t143349z-001;obs-2026-ten-20260829t143349z-002;obs-2026-ten-20260829t143349z-003",0,,"Checked official news, roster, transactions, injury, depth-chart, and final-camp reporting."
20260829T143349Z,reader-afc,TEN,2026-08-26T18:08:30Z,2026-08-29T14:33:49Z,10,2,local-writer-turron-davenport,no_new_material,2,0,0,0,0,0,true,,0,,"ESPN profile and discoverable attributed reporting were checked; no distinct in-window item met the threshold."
20260829T143349Z,reader-afc,TEN,2026-08-26T18:08:30Z,2026-08-29T14:33:49Z,10,1,local-source-denver-broncos,no_new_material,0,0,0,0,0,0,true,,0,,Assigned source was checked in the league-wide batch but is not registered to this team; no team-specific observation was emitted.
20260829T143349Z,reader-afc,TEN,2026-08-26T18:08:30Z,2026-08-29T14:33:49Z,10,1,local-writer-jeff-legwold,no_new_material,0,0,0,0,0,0,true,,0,,Assigned source was checked in the league-wide batch but is not registered to this team; no team-specific observation was emitted.
20260829T143349Z,reader-afc,TEN,2026-08-26T18:08:30Z,2026-08-29T14:33:49Z,10,1,local-source-kansas-city-chiefs,no_new_material,0,0,0,0,0,0,true,,0,,Assigned source was checked in the league-wide batch but is not registered to this team; no team-specific observation was emitted.
20260829T143349Z,reader-afc,TEN,2026-08-26T18:08:30Z,2026-08-29T14:33:49Z,10,1,local-writer-adam-teicher,no_new_material,0,0,0,0,0,0,true,,0,,Assigned source was checked in the league-wide batch but is not registered to this team; no team-specific observation was emitted.
20260829T143349Z,reader-afc,TEN,2026-08-26T18:08:30Z,2026-08-29T14:33:49Z,10,1,local-source-las-vegas-raiders,no_new_material,0,0,0,0,0,0,true,,0,,Assigned source was checked in the league-wide batch but is not registered to this team; no team-specific observation was emitted.
20260829T143349Z,reader-afc,TEN,2026-08-26T18:08:30Z,2026-08-29T14:33:49Z,10,1,local-writer-ryan-mcfadden,no_new_material,0,0,0,0,0,0,true,,0,,Assigned source was checked in the league-wide batch but is not registered to this team; no team-specific observation was emitted.
20260829T143349Z,reader-afc,TEN,2026-08-26T18:08:30Z,2026-08-29T14:33:49Z,10,1,local-source-los-angeles-chargers,no_new_material,0,0,0,0,0,0,true,,0,,Assigned source was checked in the league-wide batch but is not registered to this team; no team-specific observation was emitted.
20260829T143349Z,reader-afc,TEN,2026-08-26T18:08:30Z,2026-08-29T14:33:49Z,10,1,local-writer-kris-rhim,no_new_material,0,0,0,0,0,0,true,,0,,Assigned source was checked in the league-wide batch but is not registered to this team; no team-specific observation was emitted.
20260829T143349Z,reader-afc,DEN,2026-08-26T18:08:30Z,2026-08-29T14:33:49Z,10,1,local-source-buffalo-bills,no_new_material,0,0,0,0,0,0,true,,0,,Assigned source was checked in the league-wide batch but is not registered to this team; no team-specific observation was emitted.
20260829T143349Z,reader-afc,DEN,2026-08-26T18:08:30Z,2026-08-29T14:33:49Z,10,1,local-writer-joe-buscaglia,no_new_material,0,0,0,0,0,0,true,,0,,Assigned source was checked in the league-wide batch but is not registered to this team; no team-specific observation was emitted.
20260829T143349Z,reader-afc,DEN,2026-08-26T18:08:30Z,2026-08-29T14:33:49Z,10,1,local-source-miami-dolphins,no_new_material,0,0,0,0,0,0,true,,0,,Assigned source was checked in the league-wide batch but is not registered to this team; no team-specific observation was emitted.
20260829T143349Z,reader-afc,DEN,2026-08-26T18:08:30Z,2026-08-29T14:33:49Z,10,1,local-writer-barry-jackson,no_new_material,0,0,0,0,0,0,true,,0,,Assigned source was checked in the league-wide batch but is not registered to this team; no team-specific observation was emitted.
20260829T143349Z,reader-afc,DEN,2026-08-26T18:08:30Z,2026-08-29T14:33:49Z,10,1,local-source-new-england-patriots,no_new_material,0,0,0,0,0,0,true,,0,,Assigned source was checked in the league-wide batch but is not registered to this team; no team-specific observation was emitted.
20260829T143349Z,reader-afc,DEN,2026-08-26T18:08:30Z,2026-08-29T14:33:49Z,10,1,local-writer-mike-reiss,no_new_material,0,0,0,0,0,0,true,,0,,Assigned source was checked in the league-wide batch but is not registered to this team; no team-specific observation was emitted.
20260829T143349Z,reader-afc,DEN,2026-08-26T18:08:30Z,2026-08-29T14:33:49Z,10,1,local-source-new-york-jets,no_new_material,0,0,0,0,0,0,true,,0,,Assigned source was checked in the league-wide batch but is not registered to this team; no team-specific observation was emitted.
20260829T143349Z,reader-afc,DEN,2026-08-26T18:08:30Z,2026-08-29T14:33:49Z,10,1,local-writer-rich-cimini,no_new_material,0,0,0,0,0,0,true,,0,,Assigned source was checked in the league-wide batch but is not registered to this team; no team-specific observation was emitted.
20260829T143349Z,reader-afc,DEN,2026-08-26T18:08:30Z,2026-08-29T14:33:49Z,10,1,local-source-baltimore-ravens,no_new_material,0,0,0,0,0,0,true,,0,,Assigned source was checked in the league-wide batch but is not registered to this team; no team-specific observation was emitted.
20260829T143349Z,reader-afc,DEN,2026-08-26T18:08:30Z,2026-08-29T14:33:49Z,10,1,local-writer-jeff-zrebiec,no_new_material,0,0,0,0,0,0,true,,0,,Assigned source was checked in the league-wide batch but is not registered to this team; no team-specific observation was emitted.
20260829T143349Z,reader-afc,DEN,2026-08-26T18:08:30Z,2026-08-29T14:33:49Z,10,1,local-source-cincinnati-bengals,no_new_material,0,0,0,0,0,0,true,,0,,Assigned source was checked in the league-wide batch but is not registered to this team; no team-specific observation was emitted.
20260829T143349Z,reader-afc,DEN,2026-08-26T18:08:30Z,2026-08-29T14:33:49Z,10,1,local-writer-ben-baby,no_new_material,0,0,0,0,0,0,true,,0,,Assigned source was checked in the league-wide batch but is not registered to this team; no team-specific observation was emitted.
20260829T143349Z,reader-afc,DEN,2026-08-26T18:08:30Z,2026-08-29T14:33:49Z,10,1,local-source-cleveland-browns,no_new_material,0,0,0,0,0,0,true,,0,,Assigned source was checked in the league-wide batch but is not registered to this team; no team-specific observation was emitted.
20260829T143349Z,reader-afc,DEN,2026-08-26T18:08:30Z,2026-08-29T14:33:49Z,10,1,local-writer-daniel-oyefusi,no_new_material,0,0,0,0,0,0,true,,0,,Assigned source was checked in the league-wide batch but is not registered to this team; no team-specific observation was emitted.
20260829T143349Z,reader-afc,DEN,2026-08-26T18:08:30Z,2026-08-29T14:33:49Z,10,1,local-source-pittsburgh-steelers,no_new_material,0,0,0,0,0,0,true,,0,,Assigned source was checked in the league-wide batch but is not registered to this team; no team-specific observation was emitted.
20260829T143349Z,reader-afc,DEN,2026-08-26T18:08:30Z,2026-08-29T14:33:49Z,10,1,local-writer-brooke-pryor,no_new_material,0,0,0,0,0,0,true,,0,,Assigned source was checked in the league-wide batch but is not registered to this team; no team-specific observation was emitted.
20260829T143349Z,reader-afc,DEN,2026-08-26T18:08:30Z,2026-08-29T14:33:49Z,10,1,local-source-houston-texans,no_new_material,0,0,0,0,0,0,true,,0,,Assigned source was checked in the league-wide batch but is not registered to this team; no team-specific observation was emitted.
20260829T143349Z,reader-afc,DEN,2026-08-26T18:08:30Z,2026-08-29T14:33:49Z,10,1,local-writer-dj-bien-aime,no_new_material,0,0,0,0,0,0,true,,0,,Assigned source was checked in the league-wide batch but is not registered to this team; no team-specific observation was emitted.
20260829T143349Z,reader-afc,DEN,2026-08-26T18:08:30Z,2026-08-29T14:33:49Z,10,1,local-source-indianapolis-colts,no_new_material,0,0,0,0,0,0,true,,0,,Assigned source was checked in the league-wide batch but is not registered to this team; no team-specific observation was emitted.
20260829T143349Z,reader-afc,DEN,2026-08-26T18:08:30Z,2026-08-29T14:33:49Z,10,1,local-writer-stephen-holder,no_new_material,0,0,0,0,0,0,true,,0,,Assigned source was checked in the league-wide batch but is not registered to this team; no team-specific observation was emitted.
20260829T143349Z,reader-afc,DEN,2026-08-26T18:08:30Z,2026-08-29T14:33:49Z,10,1,local-source-jacksonville-jaguars,no_new_material,0,0,0,0,0,0,true,,0,,Assigned source was checked in the league-wide batch but is not registered to this team; no team-specific observation was emitted.
20260829T143349Z,reader-afc,DEN,2026-08-26T18:08:30Z,2026-08-29T14:33:49Z,10,1,local-writer-michael-dirocco,no_new_material,0,0,0,0,0,0,true,,0,,Assigned source was checked in the league-wide batch but is not registered to this team; no team-specific observation was emitted.
20260829T143349Z,reader-afc,DEN,2026-08-26T18:08:30Z,2026-08-29T14:33:49Z,10,1,local-source-tennessee-titans,no_new_material,0,0,0,0,0,0,true,,0,,Assigned source was checked in the league-wide batch but is not registered to this team; no team-specific observation was emitted.
20260829T143349Z,reader-afc,DEN,2026-08-26T18:08:30Z,2026-08-29T14:33:49Z,10,1,local-writer-turron-davenport,no_new_material,0,0,0,0,0,0,true,,0,,Assigned source was checked in the league-wide batch but is not registered to this team; no team-specific observation was emitted.
20260829T143349Z,reader-afc,DEN,2026-08-26T18:08:30Z,2026-08-29T14:33:49Z,10,4,local-source-denver-broncos,no_new_material,4,0,0,0,0,0,true,,0,,"Official news, roster, injury, and transaction endpoints were checked against the three open ledger triggers. The next preseason game and its measured Nix/Waddle/Harvey usage had not occurred before the frozen endpoint."
20260829T143349Z,reader-afc,DEN,2026-08-26T18:08:30Z,2026-08-29T14:33:49Z,10,3,local-writer-jeff-legwold,no_new_material,2,0,0,0,0,0,true,,0,,"ESPN profile and discoverable reporting were checked; no new in-window evidence resolved the open Nix, Waddle, or Harvey triggers."
20260829T143349Z,reader-afc,DEN,2026-08-26T18:08:30Z,2026-08-29T14:33:49Z,10,1,local-source-kansas-city-chiefs,no_new_material,0,0,0,0,0,0,true,,0,,Assigned source was checked in the league-wide batch but is not registered to this team; no team-specific observation was emitted.
20260829T143349Z,reader-afc,DEN,2026-08-26T18:08:30Z,2026-08-29T14:33:49Z,10,1,local-writer-adam-teicher,no_new_material,0,0,0,0,0,0,true,,0,,Assigned source was checked in the league-wide batch but is not registered to this team; no team-specific observation was emitted.
20260829T143349Z,reader-afc,DEN,2026-08-26T18:08:30Z,2026-08-29T14:33:49Z,10,1,local-source-las-vegas-raiders,no_new_material,0,0,0,0,0,0,true,,0,,Assigned source was checked in the league-wide batch but is not registered to this team; no team-specific observation was emitted.
20260829T143349Z,reader-afc,DEN,2026-08-26T18:08:30Z,2026-08-29T14:33:49Z,10,1,local-writer-ryan-mcfadden,no_new_material,0,0,0,0,0,0,true,,0,,Assigned source was checked in the league-wide batch but is not registered to this team; no team-specific observation was emitted.
20260829T143349Z,reader-afc,DEN,2026-08-26T18:08:30Z,2026-08-29T14:33:49Z,10,1,local-source-los-angeles-chargers,no_new_material,0,0,0,0,0,0,true,,0,,Assigned source was checked in the league-wide batch but is not registered to this team; no team-specific observation was emitted.
20260829T143349Z,reader-afc,DEN,2026-08-26T18:08:30Z,2026-08-29T14:33:49Z,10,1,local-writer-kris-rhim,no_new_material,0,0,0,0,0,0,true,,0,,Assigned source was checked in the league-wide batch but is not registered to this team; no team-specific observation was emitted.
20260829T143349Z,reader-afc,KC,2026-08-26T18:08:30Z,2026-08-29T14:33:49Z,10,1,local-source-buffalo-bills,no_new_material,0,0,0,0,0,0,true,,0,,Assigned source was checked in the league-wide batch but is not registered to this team; no team-specific observation was emitted.
20260829T143349Z,reader-afc,KC,2026-08-26T18:08:30Z,2026-08-29T14:33:49Z,10,1,local-writer-joe-buscaglia,no_new_material,0,0,0,0,0,0,true,,0,,Assigned source was checked in the league-wide batch but is not registered to this team; no team-specific observation was emitted.
20260829T143349Z,reader-afc,KC,2026-08-26T18:08:30Z,2026-08-29T14:33:49Z,10,1,local-source-miami-dolphins,no_new_material,0,0,0,0,0,0,true,,0,,Assigned source was checked in the league-wide batch but is not registered to this team; no team-specific observation was emitted.
20260829T143349Z,reader-afc,KC,2026-08-26T18:08:30Z,2026-08-29T14:33:49Z,10,1,local-writer-barry-jackson,no_new_material,0,0,0,0,0,0,true,,0,,Assigned source was checked in the league-wide batch but is not registered to this team; no team-specific observation was emitted.
20260829T143349Z,reader-afc,KC,2026-08-26T18:08:30Z,2026-08-29T14:33:49Z,10,1,local-source-new-england-patriots,no_new_material,0,0,0,0,0,0,true,,0,,Assigned source was checked in the league-wide batch but is not registered to this team; no team-specific observation was emitted.
20260829T143349Z,reader-afc,KC,2026-08-26T18:08:30Z,2026-08-29T14:33:49Z,10,1,local-writer-mike-reiss,no_new_material,0,0,0,0,0,0,true,,0,,Assigned source was checked in the league-wide batch but is not registered to this team; no team-specific observation was emitted.
20260829T143349Z,reader-afc,KC,2026-08-26T18:08:30Z,2026-08-29T14:33:49Z,10,1,local-source-new-york-jets,no_new_material,0,0,0,0,0,0,true,,0,,Assigned source was checked in the league-wide batch but is not registered to this team; no team-specific observation was emitted.
20260829T143349Z,reader-afc,KC,2026-08-26T18:08:30Z,2026-08-29T14:33:49Z,10,1,local-writer-rich-cimini,no_new_material,0,0,0,0,0,0,true,,0,,Assigned source was checked in the league-wide batch but is not registered to this team; no team-specific observation was emitted.
20260829T143349Z,reader-afc,KC,2026-08-26T18:08:30Z,2026-08-29T14:33:49Z,10,1,local-source-baltimore-ravens,no_new_material,0,0,0,0,0,0,true,,0,,Assigned source was checked in the league-wide batch but is not registered to this team; no team-specific observation was emitted.
20260829T143349Z,reader-afc,KC,2026-08-26T18:08:30Z,2026-08-29T14:33:49Z,10,1,local-writer-jeff-zrebiec,no_new_material,0,0,0,0,0,0,true,,0,,Assigned source was checked in the league-wide batch but is not registered to this team; no team-specific observation was emitted.
20260829T143349Z,reader-afc,KC,2026-08-26T18:08:30Z,2026-08-29T14:33:49Z,10,1,local-source-cincinnati-bengals,no_new_material,0,0,0,0,0,0,true,,0,,Assigned source was checked in the league-wide batch but is not registered to this team; no team-specific observation was emitted.
20260829T143349Z,reader-afc,KC,2026-08-26T18:08:30Z,2026-08-29T14:33:49Z,10,1,local-writer-ben-baby,no_new_material,0,0,0,0,0,0,true,,0,,Assigned source was checked in the league-wide batch but is not registered to this team; no team-specific observation was emitted.
20260829T143349Z,reader-afc,KC,2026-08-26T18:08:30Z,2026-08-29T14:33:49Z,10,1,local-source-cleveland-browns,no_new_material,0,0,0,0,0,0,true,,0,,Assigned source was checked in the league-wide batch but is not registered to this team; no team-specific observation was emitted.
20260829T143349Z,reader-afc,KC,2026-08-26T18:08:30Z,2026-08-29T14:33:49Z,10,1,local-writer-daniel-oyefusi,no_new_material,0,0,0,0,0,0,true,,0,,Assigned source was checked in the league-wide batch but is not registered to this team; no team-specific observation was emitted.
20260829T143349Z,reader-afc,KC,2026-08-26T18:08:30Z,2026-08-29T14:33:49Z,10,1,local-source-pittsburgh-steelers,no_new_material,0,0,0,0,0,0,true,,0,,Assigned source was checked in the league-wide batch but is not registered to this team; no team-specific observation was emitted.
20260829T143349Z,reader-afc,KC,2026-08-26T18:08:30Z,2026-08-29T14:33:49Z,10,1,local-writer-brooke-pryor,no_new_material,0,0,0,0,0,0,true,,0,,Assigned source was checked in the league-wide batch but is not registered to this team; no team-specific observation was emitted.
20260829T143349Z,reader-afc,KC,2026-08-26T18:08:30Z,2026-08-29T14:33:49Z,10,1,local-source-houston-texans,no_new_material,0,0,0,0,0,0,true,,0,,Assigned source was checked in the league-wide batch but is not registered to this team; no team-specific observation was emitted.
20260829T143349Z,reader-afc,KC,2026-08-26T18:08:30Z,2026-08-29T14:33:49Z,10,1,local-writer-dj-bien-aime,no_new_material,0,0,0,0,0,0,true,,0,,Assigned source was checked in the league-wide batch but is not registered to this team; no team-specific observation was emitted.
20260829T143349Z,reader-afc,KC,2026-08-26T18:08:30Z,2026-08-29T14:33:49Z,10,1,local-source-indianapolis-colts,no_new_material,0,0,0,0,0,0,true,,0,,Assigned source was checked in the league-wide batch but is not registered to this team; no team-specific observation was emitted.
20260829T143349Z,reader-afc,KC,2026-08-26T18:08:30Z,2026-08-29T14:33:49Z,10,1,local-writer-stephen-holder,no_new_material,0,0,0,0,0,0,true,,0,,Assigned source was checked in the league-wide batch but is not registered to this team; no team-specific observation was emitted.
20260829T143349Z,reader-afc,KC,2026-08-26T18:08:30Z,2026-08-29T14:33:49Z,10,1,local-source-jacksonville-jaguars,no_new_material,0,0,0,0,0,0,true,,0,,Assigned source was checked in the league-wide batch but is not registered to this team; no team-specific observation was emitted.
20260829T143349Z,reader-afc,KC,2026-08-26T18:08:30Z,2026-08-29T14:33:49Z,10,1,local-writer-michael-dirocco,no_new_material,0,0,0,0,0,0,true,,0,,Assigned source was checked in the league-wide batch but is not registered to this team; no team-specific observation was emitted.
20260829T143349Z,reader-afc,KC,2026-08-26T18:08:30Z,2026-08-29T14:33:49Z,10,1,local-source-tennessee-titans,no_new_material,0,0,0,0,0,0,true,,0,,Assigned source was checked in the league-wide batch but is not registered to this team; no team-specific observation was emitted.
20260829T143349Z,reader-afc,KC,2026-08-26T18:08:30Z,2026-08-29T14:33:49Z,10,1,local-writer-turron-davenport,no_new_material,0,0,0,0,0,0,true,,0,,Assigned source was checked in the league-wide batch but is not registered to this team; no team-specific observation was emitted.
20260829T143349Z,reader-afc,KC,2026-08-26T18:08:30Z,2026-08-29T14:33:49Z,10,1,local-source-denver-broncos,no_new_material,0,0,0,0,0,0,true,,0,,Assigned source was checked in the league-wide batch but is not registered to this team; no team-specific observation was emitted.
20260829T143349Z,reader-afc,KC,2026-08-26T18:08:30Z,2026-08-29T14:33:49Z,10,1,local-writer-jeff-legwold,no_new_material,0,0,0,0,0,0,true,,0,,Assigned source was checked in the league-wide batch but is not registered to this team; no team-specific observation was emitted.
20260829T143349Z,reader-afc,KC,2026-08-26T18:08:30Z,2026-08-29T14:33:49Z,10,2,local-source-kansas-city-chiefs,no_new_material,4,0,0,0,0,0,true,,0,,"Official news, roster, injury, and transaction endpoints were checked; no material in-window item was found."
20260829T143349Z,reader-afc,KC,2026-08-26T18:08:30Z,2026-08-29T14:33:49Z,10,2,local-writer-adam-teicher,no_new_material,2,0,0,0,0,0,true,,0,,"ESPN team coverage was checked; no attributable material in-window claim was found."
20260829T143349Z,reader-afc,KC,2026-08-26T18:08:30Z,2026-08-29T14:33:49Z,10,1,local-source-las-vegas-raiders,no_new_material,0,0,0,0,0,0,true,,0,,Assigned source was checked in the league-wide batch but is not registered to this team; no team-specific observation was emitted.
20260829T143349Z,reader-afc,KC,2026-08-26T18:08:30Z,2026-08-29T14:33:49Z,10,1,local-writer-ryan-mcfadden,no_new_material,0,0,0,0,0,0,true,,0,,Assigned source was checked in the league-wide batch but is not registered to this team; no team-specific observation was emitted.
20260829T143349Z,reader-afc,KC,2026-08-26T18:08:30Z,2026-08-29T14:33:49Z,10,1,local-source-los-angeles-chargers,no_new_material,0,0,0,0,0,0,true,,0,,Assigned source was checked in the league-wide batch but is not registered to this team; no team-specific observation was emitted.
20260829T143349Z,reader-afc,KC,2026-08-26T18:08:30Z,2026-08-29T14:33:49Z,10,1,local-writer-kris-rhim,no_new_material,0,0,0,0,0,0,true,,0,,Assigned source was checked in the league-wide batch but is not registered to this team; no team-specific observation was emitted.
20260829T143349Z,reader-afc,LV,2026-08-26T18:08:30Z,2026-08-29T14:33:49Z,10,1,local-source-buffalo-bills,no_new_material,0,0,0,0,0,0,true,,0,,Assigned source was checked in the league-wide batch but is not registered to this team; no team-specific observation was emitted.
20260829T143349Z,reader-afc,LV,2026-08-26T18:08:30Z,2026-08-29T14:33:49Z,10,1,local-writer-joe-buscaglia,no_new_material,0,0,0,0,0,0,true,,0,,Assigned source was checked in the league-wide batch but is not registered to this team; no team-specific observation was emitted.
20260829T143349Z,reader-afc,LV,2026-08-26T18:08:30Z,2026-08-29T14:33:49Z,10,1,local-source-miami-dolphins,no_new_material,0,0,0,0,0,0,true,,0,,Assigned source was checked in the league-wide batch but is not registered to this team; no team-specific observation was emitted.
20260829T143349Z,reader-afc,LV,2026-08-26T18:08:30Z,2026-08-29T14:33:49Z,10,1,local-writer-barry-jackson,no_new_material,0,0,0,0,0,0,true,,0,,Assigned source was checked in the league-wide batch but is not registered to this team; no team-specific observation was emitted.
20260829T143349Z,reader-afc,LV,2026-08-26T18:08:30Z,2026-08-29T14:33:49Z,10,1,local-source-new-england-patriots,no_new_material,0,0,0,0,0,0,true,,0,,Assigned source was checked in the league-wide batch but is not registered to this team; no team-specific observation was emitted.
20260829T143349Z,reader-afc,LV,2026-08-26T18:08:30Z,2026-08-29T14:33:49Z,10,1,local-writer-mike-reiss,no_new_material,0,0,0,0,0,0,true,,0,,Assigned source was checked in the league-wide batch but is not registered to this team; no team-specific observation was emitted.
20260829T143349Z,reader-afc,LV,2026-08-26T18:08:30Z,2026-08-29T14:33:49Z,10,1,local-source-new-york-jets,no_new_material,0,0,0,0,0,0,true,,0,,Assigned source was checked in the league-wide batch but is not registered to this team; no team-specific observation was emitted.
20260829T143349Z,reader-afc,LV,2026-08-26T18:08:30Z,2026-08-29T14:33:49Z,10,1,local-writer-rich-cimini,no_new_material,0,0,0,0,0,0,true,,0,,Assigned source was checked in the league-wide batch but is not registered to this team; no team-specific observation was emitted.
20260829T143349Z,reader-afc,LV,2026-08-26T18:08:30Z,2026-08-29T14:33:49Z,10,1,local-source-baltimore-ravens,no_new_material,0,0,0,0,0,0,true,,0,,Assigned source was checked in the league-wide batch but is not registered to this team; no team-specific observation was emitted.
20260829T143349Z,reader-afc,LV,2026-08-26T18:08:30Z,2026-08-29T14:33:49Z,10,1,local-writer-jeff-zrebiec,no_new_material,0,0,0,0,0,0,true,,0,,Assigned source was checked in the league-wide batch but is not registered to this team; no team-specific observation was emitted.
20260829T143349Z,reader-afc,LV,2026-08-26T18:08:30Z,2026-08-29T14:33:49Z,10,1,local-source-cincinnati-bengals,no_new_material,0,0,0,0,0,0,true,,0,,Assigned source was checked in the league-wide batch but is not registered to this team; no team-specific observation was emitted.
20260829T143349Z,reader-afc,LV,2026-08-26T18:08:30Z,2026-08-29T14:33:49Z,10,1,local-writer-ben-baby,no_new_material,0,0,0,0,0,0,true,,0,,Assigned source was checked in the league-wide batch but is not registered to this team; no team-specific observation was emitted.
20260829T143349Z,reader-afc,LV,2026-08-26T18:08:30Z,2026-08-29T14:33:49Z,10,1,local-source-cleveland-browns,no_new_material,0,0,0,0,0,0,true,,0,,Assigned source was checked in the league-wide batch but is not registered to this team; no team-specific observation was emitted.
20260829T143349Z,reader-afc,LV,2026-08-26T18:08:30Z,2026-08-29T14:33:49Z,10,1,local-writer-daniel-oyefusi,no_new_material,0,0,0,0,0,0,true,,0,,Assigned source was checked in the league-wide batch but is not registered to this team; no team-specific observation was emitted.
20260829T143349Z,reader-afc,LV,2026-08-26T18:08:30Z,2026-08-29T14:33:49Z,10,1,local-source-pittsburgh-steelers,no_new_material,0,0,0,0,0,0,true,,0,,Assigned source was checked in the league-wide batch but is not registered to this team; no team-specific observation was emitted.
20260829T143349Z,reader-afc,LV,2026-08-26T18:08:30Z,2026-08-29T14:33:49Z,10,1,local-writer-brooke-pryor,no_new_material,0,0,0,0,0,0,true,,0,,Assigned source was checked in the league-wide batch but is not registered to this team; no team-specific observation was emitted.
20260829T143349Z,reader-afc,LV,2026-08-26T18:08:30Z,2026-08-29T14:33:49Z,10,1,local-source-houston-texans,no_new_material,0,0,0,0,0,0,true,,0,,Assigned source was checked in the league-wide batch but is not registered to this team; no team-specific observation was emitted.
20260829T143349Z,reader-afc,LV,2026-08-26T18:08:30Z,2026-08-29T14:33:49Z,10,1,local-writer-dj-bien-aime,no_new_material,0,0,0,0,0,0,true,,0,,Assigned source was checked in the league-wide batch but is not registered to this team; no team-specific observation was emitted.
20260829T143349Z,reader-afc,LV,2026-08-26T18:08:30Z,2026-08-29T14:33:49Z,10,1,local-source-indianapolis-colts,no_new_material,0,0,0,0,0,0,true,,0,,Assigned source was checked in the league-wide batch but is not registered to this team; no team-specific observation was emitted.
20260829T143349Z,reader-afc,LV,2026-08-26T18:08:30Z,2026-08-29T14:33:49Z,10,1,local-writer-stephen-holder,no_new_material,0,0,0,0,0,0,true,,0,,Assigned source was checked in the league-wide batch but is not registered to this team; no team-specific observation was emitted.
20260829T143349Z,reader-afc,LV,2026-08-26T18:08:30Z,2026-08-29T14:33:49Z,10,1,local-source-jacksonville-jaguars,no_new_material,0,0,0,0,0,0,true,,0,,Assigned source was checked in the league-wide batch but is not registered to this team; no team-specific observation was emitted.
20260829T143349Z,reader-afc,LV,2026-08-26T18:08:30Z,2026-08-29T14:33:49Z,10,1,local-writer-michael-dirocco,no_new_material,0,0,0,0,0,0,true,,0,,Assigned source was checked in the league-wide batch but is not registered to this team; no team-specific observation was emitted.
20260829T143349Z,reader-afc,LV,2026-08-26T18:08:30Z,2026-08-29T14:33:49Z,10,1,local-source-tennessee-titans,no_new_material,0,0,0,0,0,0,true,,0,,Assigned source was checked in the league-wide batch but is not registered to this team; no team-specific observation was emitted.
20260829T143349Z,reader-afc,LV,2026-08-26T18:08:30Z,2026-08-29T14:33:49Z,10,1,local-writer-turron-davenport,no_new_material,0,0,0,0,0,0,true,,0,,Assigned source was checked in the league-wide batch but is not registered to this team; no team-specific observation was emitted.
20260829T143349Z,reader-afc,LV,2026-08-26T18:08:30Z,2026-08-29T14:33:49Z,10,1,local-source-denver-broncos,no_new_material,0,0,0,0,0,0,true,,0,,Assigned source was checked in the league-wide batch but is not registered to this team; no team-specific observation was emitted.
20260829T143349Z,reader-afc,LV,2026-08-26T18:08:30Z,2026-08-29T14:33:49Z,10,1,local-writer-jeff-legwold,no_new_material,0,0,0,0,0,0,true,,0,,Assigned source was checked in the league-wide batch but is not registered to this team; no team-specific observation was emitted.
20260829T143349Z,reader-afc,LV,2026-08-26T18:08:30Z,2026-08-29T14:33:49Z,10,1,local-source-kansas-city-chiefs,no_new_material,0,0,0,0,0,0,true,,0,,Assigned source was checked in the league-wide batch but is not registered to this team; no team-specific observation was emitted.
20260829T143349Z,reader-afc,LV,2026-08-26T18:08:30Z,2026-08-29T14:33:49Z,10,1,local-writer-adam-teicher,no_new_material,0,0,0,0,0,0,true,,0,,Assigned source was checked in the league-wide batch but is not registered to this team; no team-specific observation was emitted.
20260829T143349Z,reader-afc,LV,2026-08-26T18:08:30Z,2026-08-29T14:33:49Z,10,3,local-source-las-vegas-raiders,checked,5,0,0,0,0,0,true,,0,,"Official news, roster, injury, transaction, and postgame endpoints were checked. Kubiak discussed Ashton Jeanty's injury but supplied no new diagnosis or timetable, so unchanged status was not emitted."
20260829T143349Z,reader-afc,LV,2026-08-26T18:08:30Z,2026-08-29T14:33:49Z,10,2,local-writer-ryan-mcfadden,no_new_material,2,0,0,0,0,0,true,,0,,"ESPN profile and discoverable attributed reporting were checked; no distinct material in-window item was found."
20260829T143349Z,reader-afc,LV,2026-08-26T18:08:30Z,2026-08-29T14:33:49Z,10,1,local-source-los-angeles-chargers,no_new_material,0,0,0,0,0,0,true,,0,,Assigned source was checked in the league-wide batch but is not registered to this team; no team-specific observation was emitted.
20260829T143349Z,reader-afc,LV,2026-08-26T18:08:30Z,2026-08-29T14:33:49Z,10,1,local-writer-kris-rhim,no_new_material,0,0,0,0,0,0,true,,0,,Assigned source was checked in the league-wide batch but is not registered to this team; no team-specific observation was emitted.
20260829T143349Z,reader-afc,LAC,2026-08-26T18:08:30Z,2026-08-29T14:33:49Z,10,1,local-source-buffalo-bills,no_new_material,0,0,0,0,0,0,true,,0,,Assigned source was checked in the league-wide batch but is not registered to this team; no team-specific observation was emitted.
20260829T143349Z,reader-afc,LAC,2026-08-26T18:08:30Z,2026-08-29T14:33:49Z,10,1,local-writer-joe-buscaglia,no_new_material,0,0,0,0,0,0,true,,0,,Assigned source was checked in the league-wide batch but is not registered to this team; no team-specific observation was emitted.
20260829T143349Z,reader-afc,LAC,2026-08-26T18:08:30Z,2026-08-29T14:33:49Z,10,1,local-source-miami-dolphins,no_new_material,0,0,0,0,0,0,true,,0,,Assigned source was checked in the league-wide batch but is not registered to this team; no team-specific observation was emitted.
20260829T143349Z,reader-afc,LAC,2026-08-26T18:08:30Z,2026-08-29T14:33:49Z,10,1,local-writer-barry-jackson,no_new_material,0,0,0,0,0,0,true,,0,,Assigned source was checked in the league-wide batch but is not registered to this team; no team-specific observation was emitted.
20260829T143349Z,reader-afc,LAC,2026-08-26T18:08:30Z,2026-08-29T14:33:49Z,10,1,local-source-new-england-patriots,no_new_material,0,0,0,0,0,0,true,,0,,Assigned source was checked in the league-wide batch but is not registered to this team; no team-specific observation was emitted.
20260829T143349Z,reader-afc,LAC,2026-08-26T18:08:30Z,2026-08-29T14:33:49Z,10,1,local-writer-mike-reiss,no_new_material,0,0,0,0,0,0,true,,0,,Assigned source was checked in the league-wide batch but is not registered to this team; no team-specific observation was emitted.
20260829T143349Z,reader-afc,LAC,2026-08-26T18:08:30Z,2026-08-29T14:33:49Z,10,1,local-source-new-york-jets,no_new_material,0,0,0,0,0,0,true,,0,,Assigned source was checked in the league-wide batch but is not registered to this team; no team-specific observation was emitted.
20260829T143349Z,reader-afc,LAC,2026-08-26T18:08:30Z,2026-08-29T14:33:49Z,10,1,local-writer-rich-cimini,no_new_material,0,0,0,0,0,0,true,,0,,Assigned source was checked in the league-wide batch but is not registered to this team; no team-specific observation was emitted.
20260829T143349Z,reader-afc,LAC,2026-08-26T18:08:30Z,2026-08-29T14:33:49Z,10,1,local-source-baltimore-ravens,no_new_material,0,0,0,0,0,0,true,,0,,Assigned source was checked in the league-wide batch but is not registered to this team; no team-specific observation was emitted.
20260829T143349Z,reader-afc,LAC,2026-08-26T18:08:30Z,2026-08-29T14:33:49Z,10,1,local-writer-jeff-zrebiec,no_new_material,0,0,0,0,0,0,true,,0,,Assigned source was checked in the league-wide batch but is not registered to this team; no team-specific observation was emitted.
20260829T143349Z,reader-afc,LAC,2026-08-26T18:08:30Z,2026-08-29T14:33:49Z,10,1,local-source-cincinnati-bengals,no_new_material,0,0,0,0,0,0,true,,0,,Assigned source was checked in the league-wide batch but is not registered to this team; no team-specific observation was emitted.
20260829T143349Z,reader-afc,LAC,2026-08-26T18:08:30Z,2026-08-29T14:33:49Z,10,1,local-writer-ben-baby,no_new_material,0,0,0,0,0,0,true,,0,,Assigned source was checked in the league-wide batch but is not registered to this team; no team-specific observation was emitted.
20260829T143349Z,reader-afc,LAC,2026-08-26T18:08:30Z,2026-08-29T14:33:49Z,10,1,local-source-cleveland-browns,no_new_material,0,0,0,0,0,0,true,,0,,Assigned source was checked in the league-wide batch but is not registered to this team; no team-specific observation was emitted.
20260829T143349Z,reader-afc,LAC,2026-08-26T18:08:30Z,2026-08-29T14:33:49Z,10,1,local-writer-daniel-oyefusi,no_new_material,0,0,0,0,0,0,true,,0,,Assigned source was checked in the league-wide batch but is not registered to this team; no team-specific observation was emitted.
20260829T143349Z,reader-afc,LAC,2026-08-26T18:08:30Z,2026-08-29T14:33:49Z,10,1,local-source-pittsburgh-steelers,no_new_material,0,0,0,0,0,0,true,,0,,Assigned source was checked in the league-wide batch but is not registered to this team; no team-specific observation was emitted.
20260829T143349Z,reader-afc,LAC,2026-08-26T18:08:30Z,2026-08-29T14:33:49Z,10,1,local-writer-brooke-pryor,no_new_material,0,0,0,0,0,0,true,,0,,Assigned source was checked in the league-wide batch but is not registered to this team; no team-specific observation was emitted.
20260829T143349Z,reader-afc,LAC,2026-08-26T18:08:30Z,2026-08-29T14:33:49Z,10,1,local-source-houston-texans,no_new_material,0,0,0,0,0,0,true,,0,,Assigned source was checked in the league-wide batch but is not registered to this team; no team-specific observation was emitted.
20260829T143349Z,reader-afc,LAC,2026-08-26T18:08:30Z,2026-08-29T14:33:49Z,10,1,local-writer-dj-bien-aime,no_new_material,0,0,0,0,0,0,true,,0,,Assigned source was checked in the league-wide batch but is not registered to this team; no team-specific observation was emitted.
20260829T143349Z,reader-afc,LAC,2026-08-26T18:08:30Z,2026-08-29T14:33:49Z,10,1,local-source-indianapolis-colts,no_new_material,0,0,0,0,0,0,true,,0,,Assigned source was checked in the league-wide batch but is not registered to this team; no team-specific observation was emitted.
20260829T143349Z,reader-afc,LAC,2026-08-26T18:08:30Z,2026-08-29T14:33:49Z,10,1,local-writer-stephen-holder,no_new_material,0,0,0,0,0,0,true,,0,,Assigned source was checked in the league-wide batch but is not registered to this team; no team-specific observation was emitted.
20260829T143349Z,reader-afc,LAC,2026-08-26T18:08:30Z,2026-08-29T14:33:49Z,10,1,local-source-jacksonville-jaguars,no_new_material,0,0,0,0,0,0,true,,0,,Assigned source was checked in the league-wide batch but is not registered to this team; no team-specific observation was emitted.
20260829T143349Z,reader-afc,LAC,2026-08-26T18:08:30Z,2026-08-29T14:33:49Z,10,1,local-writer-michael-dirocco,no_new_material,0,0,0,0,0,0,true,,0,,Assigned source was checked in the league-wide batch but is not registered to this team; no team-specific observation was emitted.
20260829T143349Z,reader-afc,LAC,2026-08-26T18:08:30Z,2026-08-29T14:33:49Z,10,1,local-source-tennessee-titans,no_new_material,0,0,0,0,0,0,true,,0,,Assigned source was checked in the league-wide batch but is not registered to this team; no team-specific observation was emitted.
20260829T143349Z,reader-afc,LAC,2026-08-26T18:08:30Z,2026-08-29T14:33:49Z,10,1,local-writer-turron-davenport,no_new_material,0,0,0,0,0,0,true,,0,,Assigned source was checked in the league-wide batch but is not registered to this team; no team-specific observation was emitted.
20260829T143349Z,reader-afc,LAC,2026-08-26T18:08:30Z,2026-08-29T14:33:49Z,10,1,local-source-denver-broncos,no_new_material,0,0,0,0,0,0,true,,0,,Assigned source was checked in the league-wide batch but is not registered to this team; no team-specific observation was emitted.
20260829T143349Z,reader-afc,LAC,2026-08-26T18:08:30Z,2026-08-29T14:33:49Z,10,1,local-writer-jeff-legwold,no_new_material,0,0,0,0,0,0,true,,0,,Assigned source was checked in the league-wide batch but is not registered to this team; no team-specific observation was emitted.
20260829T143349Z,reader-afc,LAC,2026-08-26T18:08:30Z,2026-08-29T14:33:49Z,10,1,local-source-kansas-city-chiefs,no_new_material,0,0,0,0,0,0,true,,0,,Assigned source was checked in the league-wide batch but is not registered to this team; no team-specific observation was emitted.
20260829T143349Z,reader-afc,LAC,2026-08-26T18:08:30Z,2026-08-29T14:33:49Z,10,1,local-writer-adam-teicher,no_new_material,0,0,0,0,0,0,true,,0,,Assigned source was checked in the league-wide batch but is not registered to this team; no team-specific observation was emitted.
20260829T143349Z,reader-afc,LAC,2026-08-26T18:08:30Z,2026-08-29T14:33:49Z,10,1,local-source-las-vegas-raiders,no_new_material,0,0,0,0,0,0,true,,0,,Assigned source was checked in the league-wide batch but is not registered to this team; no team-specific observation was emitted.
20260829T143349Z,reader-afc,LAC,2026-08-26T18:08:30Z,2026-08-29T14:33:49Z,10,1,local-writer-ryan-mcfadden,no_new_material,0,0,0,0,0,0,true,,0,,Assigned source was checked in the league-wide batch but is not registered to this team; no team-specific observation was emitted.
20260829T143349Z,reader-afc,LAC,2026-08-26T18:08:30Z,2026-08-29T14:33:49Z,10,4,local-source-los-angeles-chargers,checked,6,1,0,0,0,0,false,obs-2026-lac-20260829t143349z-001,0,,"Checked official news, roster, transactions, depth chart, injury, and final-preseason coverage."
20260829T143349Z,reader-afc,LAC,2026-08-26T18:08:30Z,2026-08-29T14:33:49Z,10,2,local-writer-kris-rhim,no_new_material,2,0,0,0,0,0,true,,0,,"ESPN team page and biography endpoints were checked; no distinct material in-window report was found."
